Game ID	Winner	Plies
0	1	43
1	1	43
2	1	45
3	1	45
4	0	44
5	1	39
6	1	37
7	1	39
8	1	45
9	1	41
10	1	41
11	1	37
12	1	39
13	1	39
14	1	43
15	1	35
16	1	39
17	1	39
18	1	39
19	1	41
20	1	43
21	1	47
22	1	43
23	1	39
24	1	39
25	1	43
26	1	43
27	1	41
28	1	45
29	1	43
30	1	41
31	1	41
32	1	37
33	1	35
34	1	37
35	1	45
36	1	41
37	0	44
38	1	37
39	1	41
40	1	39
41	1	41
42	1	39
43	1	39
44	1	45
45	1	43
46	1	39
47	1	41
48	1	37
49	1	41
50	1	37
51	1	41
52	1	41
53	1	41
54	1	41
55	1	39
56	1	43
57	1	37
58	1	41
59	1	37
60	1	47
61	1	39
62	1	43
63	1	41
64	1	43
65	1	43
66	1	41
67	1	43
68	1	47
69	1	43
70	1	41
71	1	41
72	1	45
73	1	37
74	1	45
75	1	37
76	1	43
77	1	43
78	1	41
79	1	43
80	1	45
81	1	43
82	1	37
83	1	39
84	1	37
85	1	41
86	1	41
87	1	41
88	1	39
89	1	41
90	1	41
91	1	43
92	1	39
93	1	39
94	1	41
95	1	45
96	1	45
97	1	39
98	1	43
99	1	41
100	1	43
101	1	45
102	1	39
103	1	43
104	1	39
105	1	45
106	1	41
107	1	43
108	1	41
109	1	39
110	1	41
111	1	43
112	1	41
113	1	41
114	1	39
115	1	43
116	1	39
117	1	37
118	1	41
119	1	37
120	1	41
121	1	45
122	1	41
123	1	37
124	1	45
125	1	41
126	1	37
127	1	45
128	1	39
129	1	39
130	1	39
131	1	39
132	1	39
133	1	41
134	1	43
135	1	41
136	1	41
137	1	37
138	1	39
139	1	35
140	1	41
141	1	45
142	1	41
143	1	37
144	1	41
145	1	41
146	1	39
147	1	45
148	1	43
149	1	41
150	1	41
151	1	39
152	1	39
153	1	41
154	1	39
155	1	41
156	1	41
157	1	37
158	1	37
159	1	41
160	1	37
161	1	41
162	1	43
163	1	41
164	1	43
165	1	37
166	1	41
167	1	43
168	1	43
169	1	41
170	1	43
171	1	41
172	1	41
173	1	45
174	1	45
175	1	43
176	1	43
177	1	41
178	1	43
179	1	43
180	1	41
181	1	41
182	1	47
183	1	41
184	1	45
185	1	33
186	1	41
187	1	41
188	1	39
189	1	45
190	1	41
191	1	41
192	1	39
193	1	39
194	1	43
195	1	41
196	1	39
197	1	39
198	1	41
199	1	43
200	1	41
201	1	43
202	1	39
203	1	43
204	1	39
205	1	43
206	1	43
207	1	41
208	1	43
209	1	43
210	1	37
211	1	39
212	1	37
213	1	39
214	1	43
215	1	43
216	1	43
217	1	39
218	1	43
219	1	41
220	1	43
221	1	41
222	1	39
223	1	43
224	1	41
225	1	41
226	1	35
227	1	43
228	1	43
229	1	39
230	1	43
231	1	41
232	1	41
233	1	41
234	1	41
235	1	37
236	1	45
237	1	35
238	1	47
239	1	43
240	1	45
241	1	45
242	1	45
243	1	45
244	1	37
245	1	39
246	1	39
247	0	46
248	1	41
249	1	43
250	1	41
251	1	41
252	1	43
253	1	47
254	1	43
255	1	43
256	1	39
257	1	37
258	1	39
259	1	41
260	1	35
261	1	43
262	1	41
263	1	39
264	1	39
265	1	41
266	1	41
267	1	41
268	1	41
269	1	43
270	1	41
271	1	41
272	1	39
273	1	43
274	1	43
275	1	41
276	1	41
277	1	43
278	1	37
279	1	41
280	1	37
281	1	41
282	1	43
283	1	41
284	1	45
285	1	45
286	1	39
287	1	43
288	1	43
289	1	43
290	1	37
291	1	37
292	1	37
293	1	41
294	1	47
295	1	33
296	1	35
297	1	41
298	1	43
299	1	37
300	1	41
301	1	45
302	1	43
303	0	46
304	1	43
305	1	45
306	1	39
307	1	45
308	1	41
309	1	39
310	1	37
311	1	37
312	1	41
313	1	37
314	1	43
315	1	37
316	1	41
317	1	43
318	1	41
319	1	39
320	1	39
321	1	45
322	1	39
323	1	41
324	1	45
325	1	41
326	1	41
327	1	39
328	1	37
329	1	39
330	1	37
331	1	39
332	1	43
333	1	39
334	1	41
335	1	37
336	1	37
337	1	43
338	1	43
339	1	45
340	1	41
341	1	45
342	1	41
343	1	39
344	1	41
345	1	45
346	1	39
347	1	41
348	1	39
349	1	41
350	1	43
351	1	39
352	1	41
353	1	41
354	1	39
355	1	45
356	1	41
357	1	41
358	1	45
359	1	45
360	1	41
361	1	39
362	1	41
363	1	35
364	1	43
365	1	41
366	1	39
367	1	39
368	1	39
369	1	35
370	1	45
371	1	47
372	1	43
373	1	41
374	1	37
375	1	41
376	1	45
377	1	43
378	1	43
379	1	41
380	1	41
381	1	41
382	1	39
383	1	43
384	1	41
385	1	45
386	1	45
387	1	39
388	1	39
389	1	43
390	1	39
391	1	41
392	1	45
393	1	43
394	1	43
395	1	35
396	1	39
397	1	43
398	1	39
399	1	41
400	1	43
401	1	41
402	1	43
403	1	41
404	1	39
405	1	41
406	1	47
407	1	41
408	1	43
409	1	43
410	1	41
411	1	41
412	1	41
413	1	39
414	1	37
415	1	35
416	1	45
417	1	41
418	1	45
419	1	43
420	1	43
421	1	41
422	1	41
423	1	41
424	1	45
425	1	41
426	1	41
427	1	39
428	1	39
429	1	45
430	1	39
431	1	45
432	1	39
433	1	41
434	1	37
435	1	41
436	1	43
437	1	39
438	1	39
439	1	43
440	1	41
441	1	39
442	1	41
443	1	41
444	1	45
445	1	37
446	1	45
447	1	43
448	1	41
449	1	41
450	1	39
451	1	41
452	1	43
453	1	41
454	1	39
455	1	39
456	1	39
457	1	45
458	1	39
459	1	41
460	1	39
461	1	37
462	1	41
463	1	41
464	1	43
465	1	41
466	1	43
467	1	43
468	1	39
469	1	45
470	1	43
471	1	43
472	1	43
473	1	39
474	1	43
475	1	41
476	1	45
477	1	39
478	1	43
479	1	39
480	1	41
481	1	45
482	1	43
483	1	37
484	1	39
485	1	41
486	1	45
487	1	43
488	1	45
489	1	35
490	1	45
491	1	43
492	1	41
493	1	35
494	1	41
495	1	43
496	1	37
497	1	45
498	1	45
499	1	41
500	1	39
501	1	43
502	1	41
503	1	37
504	1	43
505	1	43
506	1	45
507	1	41
508	1	39
509	1	43
510	1	41
511	1	39
512	1	43
513	1	41
514	1	41
515	1	43
516	1	39
517	1	39
518	1	45
519	1	43
520	1	41
521	1	43
522	1	35
523	1	43
524	1	49
525	1	41
526	1	37
527	1	43
528	1	37
529	1	35
530	1	41
531	1	39
532	1	39
533	1	43
534	1	37
535	1	41
536	1	39
537	1	45
538	1	47
539	1	43
540	1	41
541	1	43
542	1	39
543	1	43
544	1	35
545	1	41
546	1	43
547	1	43
548	1	39
549	1	33
550	1	43
551	1	43
552	1	39
553	1	41
554	1	41
555	1	41
556	1	37
557	1	41
558	1	43
559	1	41
560	1	39
561	1	41
562	1	39
563	1	39
564	1	37
565	1	43
566	1	37
567	1	39
568	1	41
569	1	41
570	1	43
571	1	45
572	1	39
573	1	41
574	1	43
575	1	39
576	1	43
577	1	45
578	1	47
579	1	43
580	1	41
581	1	41
582	1	43
583	1	37
584	1	41
585	1	39
586	1	43
587	1	37
588	1	39
589	1	37
590	1	39
591	1	39
592	1	41
593	1	37
594	1	39
595	1	43
596	1	39
597	1	43
598	1	41
599	1	39
600	1	45
601	1	41
602	1	45
603	1	41
604	1	41
605	1	41
606	1	41
607	1	41
608	1	39
609	1	43
610	1	41
611	1	41
612	1	41
613	1	39
614	1	43
615	1	43
616	1	45
617	1	37
618	1	41
619	1	41
620	1	43
621	1	41
622	1	45
623	1	41
624	1	41
625	1	39
626	1	45
627	1	39
628	1	39
629	1	37
630	1	45
631	1	43
632	1	41
633	1	37
634	1	43
635	1	39
636	1	43
637	1	43
638	1	39
639	1	41
640	1	39
641	0	42
642	1	35
643	1	43
644	1	43
645	1	43
646	1	41
647	1	43
648	1	41
649	1	41
650	1	41
651	1	39
652	1	39
653	1	39
654	1	43
655	1	37
656	1	39
657	1	39
658	1	39
659	1	41
660	1	43
661	1	45
662	1	43
663	1	41
664	1	41
665	1	39
666	1	37
667	1	43
668	1	41
669	1	41
670	1	37
671	1	39
672	1	43
673	1	45
674	1	39
675	1	41
676	1	41
677	1	35
678	1	39
679	1	37
680	1	45
681	1	41
682	1	35
683	1	41
684	1	41
685	1	39
686	1	39
687	1	39
688	1	41
689	1	33
690	1	43
691	1	37
692	1	43
693	1	35
694	1	41
695	1	41
696	1	39
697	1	39
698	1	43
699	1	39
700	1	39
701	1	41
702	1	43
703	1	41
704	1	37
705	1	39
706	1	39
707	1	39
708	1	41
709	1	43
710	1	47
711	1	43
712	1	43
713	1	39
714	1	41
715	1	39
716	1	43
717	1	41
718	1	41
719	1	41
720	1	43
721	1	39
722	1	43
723	1	39
724	1	47
725	1	47
726	1	41
727	1	45
728	1	45
729	1	41
730	1	43
731	1	43
732	1	39
733	1	41
734	1	43
735	1	39
736	1	41
737	1	41
738	1	43
739	1	41
740	1	37
741	1	45
742	1	37
743	1	43
744	1	41
745	1	41
746	1	45
747	1	35
748	1	43
749	1	43
750	1	43
751	1	43
752	1	37
753	1	39
754	1	43
755	1	39
756	1	41
757	1	41
758	1	41
759	1	39
760	1	41
761	1	37
762	1	41
763	1	43
764	1	45
765	1	41
766	1	39
767	1	41
768	1	39
769	1	41
770	1	41
771	1	45
772	1	45
773	0	42
774	1	45
775	1	41
776	1	45
777	1	37
778	1	41
779	1	43
780	1	41
781	1	37
782	1	39
783	1	41
784	1	41
785	1	37
786	1	41
787	1	45
788	1	41
789	1	35
790	1	43
791	1	47
792	1	39
793	1	43
794	1	41
795	1	47
796	1	43
797	1	45
798	1	47
799	1	41
800	1	43
801	0	40
802	1	43
803	1	41
804	1	39
805	1	41
806	1	47
807	1	41
808	1	43
809	1	43
810	1	45
811	1	41
812	1	39
813	1	41
814	1	37
815	1	41
816	1	43
817	1	41
818	1	41
819	1	43
820	1	43
821	1	37
822	1	41
823	1	39
824	1	43
825	1	35
826	1	43
827	1	41
828	1	39
829	1	41
830	1	37
831	1	43
832	1	33
833	1	45
834	1	39
835	1	43
836	1	41
837	1	43
838	1	45
839	1	41
840	1	43
841	1	41
842	1	41
843	1	37
844	1	39
845	1	45
846	1	39
847	1	39
848	1	45
849	1	39
850	1	41
851	1	43
852	1	43
853	1	41
854	1	45
855	1	39
856	1	43
857	1	37
858	0	42
859	1	41
860	1	41
861	1	37
862	1	45
863	1	45
864	1	41
865	1	41
866	1	37
867	1	41
868	1	39
869	1	39
870	1	37
871	1	41
872	1	41
873	1	41
874	1	37
875	1	39
876	1	39
877	1	39
878	1	43
879	1	37
880	1	43
881	1	41
882	1	41
883	1	45
884	1	35
885	1	41
886	1	41
887	1	41
888	0	40
889	1	41
890	1	41
891	1	45
892	1	39
893	1	37
894	1	43
895	1	35
896	1	43
897	1	41
898	1	43
899	1	41
900	1	39
901	1	39
902	1	37
903	1	39
904	1	37
905	1	43
906	1	41
907	1	45
908	1	41
909	1	39
910	1	43
911	1	45
912	1	43
913	1	43
914	1	43
915	1	39
916	1	39
917	1	37
918	1	39
919	1	45
920	1	41
921	1	45
922	1	41
923	1	41
924	1	41
925	1	43
926	1	41
927	1	45
928	1	43
929	1	37
930	1	37
931	1	39
932	1	41
933	1	43
934	1	41
935	1	43
936	1	39
937	1	39
938	1	43
939	1	41
940	1	37
941	1	39
942	1	43
943	1	41
944	1	37
945	1	45
946	1	35
947	1	37
948	1	41
949	1	39
950	1	43
951	1	37
952	1	43
953	1	41
954	1	41
955	1	41
956	1	37
957	1	41
958	1	41
959	1	41
960	1	41
961	1	39
962	1	43
963	1	43
964	1	43
965	1	41
966	1	43
967	1	41
968	1	43
969	1	45
970	1	41
971	1	39
972	1	39
973	1	41
974	1	39
975	1	33
976	1	35
977	1	41
978	1	43
979	1	43
980	1	37
981	1	39
982	1	43
983	1	43
984	1	37
985	1	39
986	1	41
987	1	43
988	1	41
989	1	43
990	1	45
991	1	43
992	1	43
993	1	39
994	1	41
995	1	41
996	1	39
997	1	43
998	1	37
999	1	43
1000	1	41
1001	1	39
1002	1	41
1003	1	39
1004	1	43
1005	1	43
1006	1	39
1007	1	41
1008	1	39
1009	1	41
1010	1	37
1011	1	43
1012	1	41
1013	1	39
1014	1	39
1015	1	41
1016	1	39
1017	1	43
1018	1	41
1019	1	41
1020	1	39
1021	1	45
1022	1	43
1023	1	43
1024	1	39
1025	1	43
1026	1	41
1027	1	41
1028	1	45
1029	1	47
1030	1	43
1031	1	41
1032	1	41
1033	1	43
1034	1	39
1035	1	37
1036	1	37
1037	1	37
1038	1	41
1039	1	41
1040	1	39
1041	1	41
1042	1	45
1043	1	49
1044	1	45
1045	1	43
1046	1	41
1047	1	45
1048	1	43
1049	1	41
1050	1	43
1051	1	39
1052	1	39
1053	1	45
1054	1	41
1055	1	43
1056	1	45
1057	1	41
1058	1	39
1059	1	39
1060	1	45
1061	1	35
1062	1	47
1063	1	41
1064	1	43
1065	1	39
1066	1	39
1067	1	41
1068	1	39
1069	1	45
1070	1	41
1071	1	39
1072	1	41
1073	1	45
1074	1	41
1075	1	41
1076	1	39
1077	1	43
1078	1	43
1079	1	45
1080	1	39
1081	1	37
1082	1	45
1083	1	41
1084	1	45
1085	1	41
1086	1	43
1087	1	41
1088	1	41
1089	1	37
1090	1	37
1091	1	41
1092	1	39
1093	1	41
1094	1	45
1095	1	43
1096	1	35
1097	1	37
1098	1	37
1099	1	45
1100	1	41
1101	1	41
1102	1	43
1103	1	43
1104	1	43
1105	1	41
1106	1	43
1107	1	45
1108	1	39
1109	1	41
1110	1	39
1111	1	39
1112	1	45
1113	1	41
1114	1	43
1115	1	39
1116	1	41
1117	1	41
1118	1	37
1119	1	39
1120	1	39
1121	1	39
1122	1	41
1123	1	45
1124	1	41
1125	1	39
1126	1	35
1127	1	37
1128	1	45
1129	1	37
1130	1	41
1131	1	41
1132	1	39
1133	1	41
1134	1	43
1135	1	47
1136	1	41
1137	1	37
1138	1	45
1139	1	43
1140	1	39
1141	1	45
1142	1	35
1143	1	41
1144	1	37
1145	1	37
1146	1	35
1147	1	39
1148	1	39
1149	1	43
1150	1	41
1151	1	39
1152	1	41
1153	1	43
1154	1	41
1155	1	39
1156	1	39
1157	1	37
1158	1	39
1159	1	39
1160	1	39
1161	1	39
1162	1	43
1163	1	43
1164	1	41
1165	1	43
1166	1	39
1167	1	41
1168	1	41
1169	1	41
1170	1	43
1171	1	43
1172	1	37
1173	1	41
1174	1	45
1175	1	39
1176	1	35
1177	1	43
1178	1	41
1179	1	39
1180	1	41
1181	1	43
1182	1	41
1183	1	37
1184	1	39
1185	1	39
1186	1	41
1187	1	47
1188	1	43
1189	1	43
1190	1	43
1191	1	39
1192	1	41
1193	1	41
1194	1	41
1195	1	45
1196	1	39
1197	1	39
1198	1	43
1199	1	43
1200	1	41
1201	1	43
1202	1	43
1203	1	39
1204	1	33
1205	1	37
1206	1	45
1207	1	43
1208	1	37
1209	1	41
1210	1	39
1211	1	43
1212	1	41
1213	1	41
1214	1	37
1215	1	41
1216	1	41
1217	1	43
1218	1	47
1219	1	37
1220	1	39
1221	1	41
1222	1	37
1223	1	43
1224	1	43
1225	1	41
1226	1	43
1227	1	39
1228	1	39
1229	1	45
1230	1	41
1231	1	43
1232	1	41
1233	1	43
1234	1	45
1235	1	45
1236	1	39
1237	1	37
1238	1	41
1239	1	43
1240	1	41
1241	1	45
1242	1	47
1243	1	41
1244	1	45
1245	1	35
1246	1	39
1247	1	45
1248	1	45
1249	1	37
1250	1	41
1251	1	43
1252	1	37
1253	1	41
1254	1	47
1255	1	37
1256	1	41
1257	1	41
1258	1	43
1259	1	41
1260	1	43
1261	1	41
1262	1	43
1263	1	45
1264	1	43
1265	1	43
1266	1	47
1267	1	41
1268	1	43
1269	1	41
1270	1	45
1271	1	41
1272	1	39
1273	1	37
1274	1	43
1275	1	37
1276	1	37
1277	1	47
1278	1	39
1279	1	41
1280	1	37
1281	1	45
1282	1	43
1283	1	43
1284	1	43
1285	1	39
1286	1	35
1287	1	45
1288	1	41
1289	1	39
1290	1	47
1291	1	39
1292	1	43
1293	1	41
1294	1	41
1295	1	47
1296	1	39
1297	1	41
1298	1	43
1299	1	39
1300	1	41
1301	1	43
1302	1	37
1303	1	41
1304	1	41
1305	1	41
1306	1	43
1307	1	43
1308	1	41
1309	1	41
1310	1	39
1311	1	41
1312	1	43
1313	1	35
1314	1	43
1315	1	41
1316	1	45
1317	1	39
1318	1	41
1319	1	41
1320	1	33
1321	1	43
1322	1	37
1323	0	46
1324	1	43
1325	1	43
1326	1	37
1327	1	41
1328	1	41
1329	1	37
1330	1	41
1331	1	37
1332	1	45
1333	1	41
1334	1	37
1335	1	43
1336	1	45
1337	1	41
1338	1	43
1339	1	39
1340	1	43
1341	1	37
1342	1	41
1343	1	39
1344	1	37
1345	1	41
1346	1	35
1347	1	47
1348	1	41
1349	1	41
1350	1	43
1351	1	39
1352	1	37
1353	1	41
1354	1	37
1355	1	43
1356	1	41
1357	1	37
1358	1	37
1359	1	41
1360	1	41
1361	1	41
1362	1	43
1363	1	39
1364	1	43
1365	1	41
1366	1	35
1367	1	43
1368	1	37
1369	1	37
1370	1	41
1371	1	43
1372	1	41
1373	1	45
1374	1	47
1375	1	39
1376	1	45
1377	1	39
1378	1	43
1379	1	43
1380	1	43
1381	1	43
1382	1	39
1383	1	43
1384	1	41
1385	1	41
1386	1	39
1387	1	41
1388	1	37
1389	1	37
1390	1	37
1391	1	37
1392	1	41
1393	1	41
1394	1	41
1395	1	39
1396	1	39
1397	1	43
1398	1	35
1399	1	39
1400	1	39
1401	1	39
1402	1	37
1403	1	41
1404	1	35
1405	1	43
1406	1	37
1407	1	41
1408	1	41
1409	1	39
1410	1	41
1411	1	39
1412	1	35
1413	1	47
1414	1	41
1415	1	41
1416	1	37
1417	1	45
1418	1	41
1419	1	37
1420	1	43
1421	1	41
1422	1	39
1423	1	41
1424	1	45
1425	1	41
1426	0	46
1427	1	39
1428	1	41
1429	1	43
1430	0	48
1431	1	37
1432	1	35
1433	1	43
1434	1	39
1435	1	45
1436	1	43
1437	1	43
1438	1	41
1439	1	37
1440	1	43
1441	1	41
1442	1	39
1443	1	43
1444	1	43
1445	1	41
1446	1	39
1447	1	41
1448	1	47
1449	1	37
1450	1	45
1451	1	43
1452	1	45
1453	1	43
1454	1	39
1455	1	35
1456	1	45
1457	1	39
1458	1	39
1459	1	41
1460	1	41
1461	1	39
1462	1	41
1463	1	43
1464	1	43
1465	1	43
1466	1	37
1467	1	33
1468	1	39
1469	1	41
1470	1	43
1471	1	45
1472	1	39
1473	1	37
1474	1	33
1475	1	39
1476	1	39
1477	1	37
1478	1	47
1479	1	35
1480	1	41
1481	1	39
1482	1	45
1483	1	43
1484	1	39
1485	1	41
1486	1	43
1487	1	49
1488	1	39
1489	1	41
1490	1	47
1491	1	39
1492	1	37
1493	1	43
1494	1	39
1495	1	45
1496	1	41
1497	1	43
1498	1	43
1499	1	39
1500	1	45
1501	1	39
1502	1	41
1503	1	39
1504	1	39
1505	1	43
1506	1	37
1507	1	41
1508	1	41
1509	1	37
1510	1	39
1511	1	41
1512	1	45
1513	1	43
1514	1	39
1515	1	39
1516	1	39
1517	1	39
1518	1	43
1519	1	37
1520	1	41
1521	1	37
1522	1	43
1523	1	39
1524	1	35
1525	1	39
1526	1	41
1527	1	41
1528	1	37
1529	1	43
1530	1	37
1531	1	41
1532	1	45
1533	1	39
1534	1	43
1535	1	41
1536	1	41
1537	1	41
1538	1	43
1539	1	43
1540	1	39
1541	1	39
1542	1	43
1543	1	41
1544	1	41
1545	1	39
1546	1	45
1547	1	43
1548	1	35
1549	1	43
1550	1	41
1551	1	41
1552	0	44
1553	1	43
1554	1	41
1555	1	43
1556	1	39
1557	1	37
1558	1	39
1559	1	43
1560	1	39
1561	1	37
1562	1	37
1563	1	41
1564	1	39
1565	1	39
1566	1	43
1567	1	39
1568	1	37
1569	1	43
1570	1	41
1571	1	45
1572	1	39
1573	1	41
1574	1	41
1575	1	45
1576	1	39
1577	1	41
1578	1	41
1579	1	39
1580	1	41
1581	1	39
1582	1	43
1583	1	43
1584	1	43
1585	1	41
1586	1	43
1587	1	43
1588	1	41
1589	1	45
1590	1	45
1591	1	41
1592	1	45
1593	1	37
1594	1	43
1595	1	37
1596	1	39
1597	1	41
1598	1	39
1599	1	39
1600	1	41
1601	1	43
1602	1	39
1603	1	35
1604	1	37
1605	1	33
1606	1	39
1607	1	43
1608	1	39
1609	1	41
1610	1	43
1611	1	45
1612	1	39
1613	1	37
1614	1	45
1615	1	39
1616	1	37
1617	1	39
1618	1	43
1619	1	43
1620	1	37
1621	1	43
1622	1	39
1623	1	37
1624	1	43
1625	1	41
1626	1	43
1627	1	45
1628	1	39
1629	1	41
1630	1	39
1631	1	45
1632	1	37
1633	1	45
1634	1	39
1635	1	41
1636	1	41
1637	1	41
1638	1	39
1639	1	39
1640	1	45
1641	1	41
1642	1	41
1643	1	43
1644	1	41
1645	1	41
1646	1	41
1647	1	37
1648	1	39
1649	1	45
1650	1	39
1651	1	43
1652	1	37
1653	1	43
1654	1	35
1655	1	43
1656	1	41
1657	1	35
1658	1	39
1659	1	39
1660	1	41
1661	1	45
1662	1	41
1663	1	39
1664	1	39
1665	1	39
1666	1	43
1667	1	37
1668	1	37
1669	1	43
1670	1	37
1671	1	45
1672	1	37
1673	1	39
1674	1	39
1675	1	39
1676	1	45
1677	1	37
1678	1	37
1679	1	37
1680	1	41
1681	1	45
1682	1	37
1683	1	39
1684	1	41
1685	1	41
1686	1	37
1687	1	43
1688	1	41
1689	1	43
1690	1	45
1691	1	41
1692	1	47
1693	1	41
1694	1	43
1695	1	39
1696	1	43
1697	1	43
1698	1	37
1699	1	45
1700	1	35
1701	1	41
1702	1	41
1703	1	43
1704	1	35
1705	1	41
1706	1	43
1707	1	39
1708	1	35
1709	1	41
1710	1	41
1711	1	37
1712	1	37
1713	1	39
1714	1	37
1715	1	41
1716	1	41
1717	1	39
1718	1	45
1719	1	39
1720	1	41
1721	1	45
1722	1	37
1723	1	35
1724	1	39
1725	1	43
1726	1	37
1727	1	47
1728	1	43
1729	1	41
1730	1	39
1731	1	45
1732	1	39
1733	1	41
1734	1	37
1735	1	39
1736	1	41
1737	1	45
1738	1	41
1739	1	41
1740	1	43
1741	1	37
1742	1	43
1743	1	41
1744	1	39
1745	1	41
1746	1	41
1747	1	37
1748	1	43
1749	1	41
1750	1	41
1751	1	37
1752	1	41
1753	1	45
1754	1	37
1755	1	41
1756	1	43
1757	1	43
1758	1	41
1759	1	45
1760	1	37
1761	1	45
1762	1	41
1763	1	47
1764	1	37
1765	1	39
1766	1	39
1767	1	43
1768	1	43
1769	1	37
1770	1	43
1771	1	45
1772	1	43
1773	1	37
1774	1	41
1775	1	39
1776	1	43
1777	1	41
1778	1	41
1779	1	41
1780	1	39
1781	1	43
1782	1	43
1783	1	43
1784	1	43
1785	1	39
1786	1	41
1787	1	41
1788	1	41
1789	1	39
1790	1	37
1791	1	41
1792	1	45
1793	1	37
1794	1	35
1795	1	41
1796	1	37
1797	1	39
1798	1	35
1799	1	35
1800	1	43
1801	1	43
1802	1	41
1803	1	41
1804	1	45
1805	1	41
1806	1	41
1807	1	41
1808	1	47
1809	1	39
1810	1	43
1811	1	39
1812	1	41
1813	1	41
1814	1	43
1815	1	41
1816	1	41
1817	1	43
1818	1	39
1819	1	39
1820	1	39
1821	1	41
1822	1	41
1823	1	41
1824	1	41
1825	1	43
1826	1	39
1827	1	41
1828	1	41
1829	1	43
1830	1	39
1831	1	43
1832	1	39
1833	1	41
1834	1	43
1835	1	41
1836	1	39
1837	1	39
1838	1	43
1839	1	43
1840	1	37
1841	1	37
1842	1	39
1843	1	41
1844	1	39
1845	1	37
1846	1	43
1847	1	39
1848	1	41
1849	1	37
1850	1	41
1851	1	43
1852	1	47
1853	1	41
1854	1	43
1855	1	41
1856	1	41
1857	1	43
1858	1	39
1859	1	41
1860	1	45
1861	1	41
1862	1	41
1863	1	43
1864	1	43
1865	1	37
1866	1	43
1867	1	43
1868	1	43
1869	1	37
1870	1	39
1871	1	39
1872	1	39
1873	1	41
1874	1	43
1875	1	43
1876	1	43
1877	1	43
1878	1	41
1879	1	45
1880	1	37
1881	1	45
1882	1	43
1883	1	39
1884	1	39
1885	1	43
1886	1	41
1887	1	37
1888	1	43
1889	1	37
1890	1	41
1891	1	45
1892	1	41
1893	1	43
1894	1	41
1895	1	37
1896	1	43
1897	1	43
1898	1	43
1899	1	45
1900	1	39
1901	1	41
1902	1	37
1903	1	37
1904	1	39
1905	1	43
1906	1	43
1907	1	37
1908	1	41
1909	1	41
1910	1	43
1911	1	41
1912	1	43
1913	1	35
1914	1	43
1915	1	41
1916	1	45
1917	1	35
1918	1	39
1919	1	37
1920	1	43
1921	1	39
1922	1	41
1923	1	37
1924	1	41
1925	1	43
1926	1	41
1927	1	43
1928	1	37
1929	1	43
1930	1	45
1931	1	39
1932	1	47
1933	1	41
1934	1	39
1935	1	45
1936	1	39
1937	1	43
1938	1	37
1939	1	39
1940	1	39
1941	1	39
1942	1	45
1943	1	43
1944	1	43
1945	1	37
1946	1	37
1947	1	43
1948	1	39
1949	1	41
1950	1	43
1951	1	43
1952	1	45
1953	1	39
1954	1	41
1955	1	41
1956	1	41
1957	1	43
1958	1	43
1959	1	43
1960	1	43
1961	1	41
1962	1	43
1963	1	37
1964	1	43
1965	1	43
1966	1	43
1967	1	47
1968	1	45
1969	1	35
1970	1	35
1971	1	41
1972	1	43
1973	1	43
1974	1	41
1975	1	41
1976	1	43
1977	1	45
1978	1	41
1979	1	43
1980	1	43
1981	1	43
1982	1	43
1983	1	41
1984	1	41
1985	1	39
1986	1	41
1987	1	45
1988	1	45
1989	1	41
1990	1	41
1991	1	41
1992	1	45
1993	1	41
1994	1	45
1995	1	43
1996	1	43
1997	1	41
1998	1	37
1999	1	43
2000	1	45
2001	1	39
2002	1	39
2003	1	37
2004	1	43
2005	1	41
2006	1	43
2007	1	45
2008	1	41
2009	1	41
2010	1	45
2011	1	41
2012	1	41
2013	1	41
2014	1	35
2015	1	39
2016	1	45
2017	1	39
2018	1	41
2019	1	39
2020	1	41
2021	1	41
2022	1	45
2023	1	39
2024	1	43
2025	1	37
2026	1	41
2027	1	43
2028	1	45
2029	1	39
2030	1	37
2031	1	39
2032	1	43
2033	1	41
2034	1	45
2035	1	39
2036	1	43
2037	1	41
2038	1	45
2039	1	39
2040	1	41
2041	1	41
2042	1	39
2043	1	39
2044	1	45
2045	1	41
2046	1	41
2047	1	39
2048	1	37
2049	1	43
2050	1	41
2051	1	41
2052	1	39
2053	1	41
2054	1	45
2055	1	45
2056	1	41
2057	1	35
2058	1	41
2059	1	41
2060	1	41
2061	1	41
2062	1	45
2063	1	45
2064	1	37
2065	1	47
2066	1	41
2067	1	39
2068	1	41
2069	1	39
2070	1	43
2071	1	39
2072	1	43
2073	1	47
2074	1	39
2075	1	41
2076	1	39
2077	1	41
2078	1	47
2079	1	37
2080	1	41
2081	1	39
2082	1	41
2083	1	41
2084	1	43
2085	1	37
2086	1	43
2087	1	41
2088	1	41
2089	1	43
2090	1	43
2091	0	46
2092	1	43
2093	1	39
2094	1	41
2095	1	43
2096	1	33
2097	1	39
2098	1	43
2099	1	41
2100	1	39
2101	1	39
2102	1	43
2103	1	41
2104	1	39
2105	1	39
2106	1	47
2107	0	42
2108	1	39
2109	1	41
2110	1	43
2111	1	41
2112	1	39
2113	1	41
2114	1	43
2115	1	45
2116	1	43
2117	1	41
2118	1	37
2119	1	41
2120	1	43
2121	1	39
2122	1	43
2123	1	39
2124	1	41
2125	1	43
2126	1	35
2127	1	43
2128	1	33
2129	1	43
2130	1	43
2131	1	35
2132	1	43
2133	1	41
2134	1	45
2135	1	45
2136	1	35
2137	1	43
2138	1	41
2139	1	41
2140	1	43
2141	1	45
2142	1	39
2143	1	39
2144	1	41
2145	1	37
2146	1	35
2147	1	43
2148	1	39
2149	1	45
2150	1	43
2151	1	41
2152	1	41
2153	1	37
2154	1	43
2155	1	41
2156	1	43
2157	1	35
2158	1	45
2159	1	37
2160	1	39
2161	1	41
2162	1	43
2163	1	41
2164	1	39
2165	1	41
2166	1	41
2167	1	43
2168	1	45
2169	1	39
2170	1	39
2171	1	41
2172	1	39
2173	1	45
2174	1	47
2175	1	39
2176	1	45
2177	1	45
2178	1	41
2179	0	42
2180	1	41
2181	0	48
2182	1	39
2183	1	37
2184	1	41
2185	1	43
2186	1	45
2187	1	43
2188	1	33
2189	1	39
2190	1	37
2191	1	41
2192	1	37
2193	1	39
2194	1	37
2195	1	41
2196	1	43
2197	1	41
2198	1	41
2199	1	37
2200	1	45
2201	1	45
2202	1	45
2203	1	41
2204	1	43
2205	1	41
2206	1	35
2207	1	43
2208	1	41
2209	1	41
2210	1	39
2211	1	37
2212	1	43
2213	1	41
2214	1	43
2215	1	43
2216	1	41
2217	1	41
2218	1	43
2219	1	41
2220	1	43
2221	1	45
2222	1	41
2223	1	43
2224	1	35
2225	1	41
2226	1	39
2227	1	39
2228	1	41
2229	1	41
2230	1	41
2231	1	39
2232	1	41
2233	1	45
2234	1	47
2235	1	43
2236	1	39
2237	1	43
2238	1	41
2239	1	41
2240	1	43
2241	1	43
2242	1	41
2243	1	37
2244	1	45
2245	1	39
2246	1	41
2247	1	41
2248	1	39
2249	1	41
2250	1	45
2251	1	39
2252	1	41
2253	1	39
2254	1	39
2255	1	37
2256	1	43
2257	1	39
2258	1	45
2259	1	41
2260	1	39
2261	1	39
2262	1	45
2263	1	39
2264	1	39
2265	1	37
2266	1	43
2267	1	41
2268	1	35
2269	1	39
2270	1	45
2271	1	43
2272	1	39
2273	1	39
2274	1	39
2275	1	43
2276	1	41
2277	1	45
2278	1	37
2279	1	41
2280	1	41
2281	1	43
2282	1	37
2283	1	45
2284	1	41
2285	1	41
2286	1	37
2287	1	35
2288	1	39
2289	1	47
2290	1	37
2291	1	39
2292	1	41
2293	1	43
2294	1	39
2295	1	47
2296	1	41
2297	1	41
2298	1	41
2299	1	43
2300	1	45
2301	1	39
2302	1	43
2303	1	41
2304	1	41
2305	0	44
2306	1	39
2307	1	37
2308	1	35
2309	1	41
2310	1	39
2311	1	41
2312	1	41
2313	1	39
2314	1	39
2315	1	43
2316	1	45
2317	1	39
2318	1	43
2319	1	43
2320	1	41
2321	1	39
2322	1	39
2323	1	43
2324	1	39
2325	1	41
2326	1	39
2327	1	41
2328	1	41
2329	1	47
2330	1	41
2331	1	41
2332	1	39
2333	1	39
2334	1	43
2335	1	43
2336	1	47
2337	1	39
2338	1	45
2339	1	43
2340	1	43
2341	1	43
2342	1	37
2343	1	39
2344	1	43
2345	1	45
2346	1	41
2347	1	35
2348	1	41
2349	1	41
2350	1	37
2351	1	43
2352	1	43
2353	1	39
2354	1	39
2355	1	37
2356	1	43
2357	1	39
2358	1	37
2359	1	41
2360	1	43
2361	1	41
2362	1	43
2363	1	43
2364	1	41
2365	1	39
2366	1	41
2367	1	43
2368	1	43
2369	1	41
2370	1	41
2371	1	43
2372	1	45
2373	1	41
2374	1	43
2375	1	41
2376	1	37
2377	1	43
2378	1	41
2379	1	41
2380	1	41
2381	1	39
2382	1	41
2383	1	45
2384	1	41
2385	1	43
2386	1	45
2387	1	39
2388	1	47
2389	1	43
2390	1	43
2391	1	43
2392	1	45
2393	1	39
2394	1	37
2395	1	45
2396	1	45
2397	1	41
2398	1	43
2399	1	43
2400	1	43
2401	1	37
2402	1	41
2403	1	47
2404	1	37
2405	1	45
2406	1	43
2407	1	43
2408	1	37
2409	1	39
2410	1	39
2411	1	39
2412	1	37
2413	1	37
2414	1	43
2415	1	45
2416	1	41
2417	1	43
2418	1	37
2419	1	39
2420	1	43
2421	1	35
2422	1	41
2423	1	43
2424	1	43
2425	1	41
2426	1	37
2427	1	39
2428	1	39
2429	1	41
2430	1	39
2431	1	43
2432	1	41
2433	1	43
2434	1	37
2435	1	43
2436	1	39
2437	1	43
2438	1	43
2439	1	37
2440	1	43
2441	1	39
2442	1	37
2443	1	43
2444	1	41
2445	1	41
2446	0	38
2447	1	41
2448	1	43
2449	1	39
2450	1	43
2451	1	39
2452	1	43
2453	1	41
2454	1	39
2455	1	47
2456	1	39
2457	1	43
2458	1	41
2459	1	39
2460	1	41
2461	1	43
2462	1	37
2463	1	39
2464	1	39
2465	1	41
2466	1	43
2467	1	41
2468	1	41
2469	1	39
2470	1	39
2471	1	39
2472	1	37
2473	1	39
2474	1	43
2475	1	39
2476	1	45
2477	1	41
2478	1	41
2479	1	41
2480	1	41
2481	1	39
2482	1	39
2483	1	43
2484	1	39
2485	1	43
2486	1	39
2487	1	45
2488	1	39
2489	1	37
2490	1	43
2491	1	41
2492	1	39
2493	1	41
2494	1	39
2495	1	43
2496	1	41
2497	1	41
2498	1	39
2499	1	45
2500	1	43
2501	1	41
2502	1	43
2503	1	37
2504	1	39
2505	1	41
2506	1	41
2507	1	37
2508	1	43
2509	1	37
2510	1	39
2511	1	45
2512	1	37
2513	1	41
2514	1	37
2515	1	39
2516	1	43
2517	1	45
2518	1	37
2519	1	43
2520	1	39
2521	1	39
2522	1	43
2523	1	43
2524	1	41
2525	1	41
2526	1	39
2527	1	35
2528	1	41
2529	1	41
2530	1	39
2531	1	43
2532	1	43
2533	1	37
2534	1	45
2535	1	43
2536	1	43
2537	1	41
2538	1	39
2539	1	39
2540	1	37
2541	1	43
2542	1	45
2543	1	45
2544	1	37
2545	1	39
2546	1	43
2547	1	39
2548	1	43
2549	1	41
2550	1	37
2551	1	43
2552	1	35
2553	1	41
2554	1	37
2555	1	39
2556	1	43
2557	1	37
2558	1	39
2559	1	41
2560	1	39
2561	1	39
2562	1	39
2563	1	37
2564	1	43
2565	1	39
2566	1	39
2567	1	47
2568	1	41
2569	1	41
2570	1	41
2571	1	43
2572	1	39
2573	1	39
2574	1	41
2575	1	43
2576	1	39
2577	1	41
2578	1	39
2579	1	37
2580	1	41
2581	1	41
2582	1	41
2583	1	37
2584	1	39
2585	1	41
2586	1	43
2587	1	41
2588	1	43
2589	1	41
2590	1	39
2591	1	43
2592	1	41
2593	1	43
2594	1	43
2595	1	41
2596	1	43
2597	1	43
2598	1	43
2599	1	43
2600	1	45
2601	1	43
2602	1	41
2603	1	39
2604	1	41
2605	1	37
2606	1	39
2607	1	39
2608	1	39
2609	1	37
2610	1	39
2611	1	35
2612	1	35
2613	1	39
2614	1	39
2615	1	39
2616	1	39
2617	1	39
2618	1	41
2619	1	39
2620	1	39
2621	1	43
2622	1	43
2623	1	43
2624	1	41
2625	1	45
2626	1	37
2627	1	43
2628	1	47
2629	1	43
2630	1	41
2631	1	43
2632	1	43
2633	1	47
2634	1	39
2635	1	41
2636	1	45
2637	1	43
2638	1	43
2639	1	43
2640	1	43
2641	1	41
2642	1	41
2643	1	39
2644	1	43
2645	1	43
2646	1	39
2647	1	45
2648	1	39
2649	1	39
2650	1	39
2651	1	43
2652	1	37
2653	1	39
2654	1	37
2655	1	39
2656	1	45
2657	1	43
2658	1	35
2659	1	41
2660	1	43
2661	1	43
2662	1	43
2663	1	41
2664	1	41
2665	1	39
2666	1	41
2667	1	39
2668	1	43
2669	1	41
2670	1	43
2671	1	39
2672	1	39
2673	1	39
2674	1	43
2675	1	47
2676	1	43
2677	1	37
2678	1	39
2679	1	37
2680	1	43
2681	1	39
2682	1	35
2683	1	43
2684	1	45
2685	1	39
2686	1	39
2687	1	41
2688	1	39
2689	1	41
2690	1	41
2691	1	43
2692	1	37
2693	1	35
2694	1	41
2695	1	35
2696	1	45
2697	1	47
2698	1	41
2699	1	41
2700	1	35
2701	1	41
2702	1	43
2703	1	45
2704	1	43
2705	1	45
2706	1	39
2707	1	41
2708	1	43
2709	1	39
2710	1	41
2711	1	39
2712	1	43
2713	1	45
2714	1	39
2715	1	41
2716	1	39
2717	1	43
2718	1	41
2719	1	39
2720	1	37
2721	1	45
2722	1	37
2723	1	45
2724	1	39
2725	1	39
2726	1	45
2727	1	39
2728	1	39
2729	1	45
2730	1	41
2731	0	46
2732	1	41
2733	1	41
2734	1	43
2735	1	43
2736	1	35
2737	1	45
2738	1	39
2739	1	39
2740	1	39
2741	1	37
2742	1	43
2743	1	41
2744	1	43
2745	1	37
2746	1	41
2747	1	37
2748	1	45
2749	1	43
2750	1	43
2751	1	47
2752	1	35
2753	1	39
2754	1	41
2755	1	41
2756	1	41
2757	1	41
2758	1	47
2759	1	41
2760	1	43
2761	1	43
2762	1	45
2763	1	45
2764	1	43
2765	1	37
2766	1	45
2767	1	39
2768	1	41
2769	1	47
2770	1	45
2771	1	35
2772	1	43
2773	1	37
2774	1	43
2775	0	42
2776	1	41
2777	1	45
2778	1	41
2779	1	37
2780	1	37
2781	1	45
2782	1	43
2783	1	43
2784	1	39
2785	1	41
2786	1	43
2787	1	41
2788	1	41
2789	1	39
2790	1	41
2791	1	43
2792	1	41
2793	1	39
2794	1	45
2795	1	43
2796	1	39
2797	1	39
2798	1	41
2799	1	41
2800	1	41
2801	1	45
2802	1	41
2803	1	39
2804	1	41
2805	1	37
2806	1	35
2807	1	43
2808	1	45
2809	1	43
2810	1	43
2811	1	35
2812	1	37
2813	1	41
2814	1	39
2815	1	39
2816	1	43
2817	1	41
2818	1	37
2819	1	41
2820	1	43
2821	1	41
2822	1	45
2823	1	43
2824	1	37
2825	1	37
2826	1	41
2827	1	33
2828	1	43
2829	1	41
2830	1	39
2831	1	39
2832	1	39
2833	1	41
2834	1	43
2835	1	43
2836	1	41
2837	1	37
2838	1	41
2839	0	48
2840	1	45
2841	1	43
2842	1	45
2843	1	37
2844	1	43
2845	1	37
2846	1	43
2847	1	43
2848	1	35
2849	1	43
2850	1	43
2851	1	43
2852	1	37
2853	1	39
2854	1	37
2855	1	39
2856	1	39
2857	1	39
2858	1	39
2859	1	39
2860	1	41
2861	1	37
2862	1	41
2863	1	43
2864	1	43
2865	1	41
2866	1	43
2867	1	41
2868	1	43
2869	1	41
2870	1	43
2871	1	43
2872	1	45
2873	1	43
2874	1	35
2875	1	41
2876	1	45
2877	1	41
2878	1	41
2879	1	41
2880	1	41
2881	1	47
2882	1	41
2883	1	41
2884	1	41
2885	1	39
2886	1	39
2887	1	39
2888	1	39
2889	1	45
2890	1	41
2891	1	45
2892	1	41
2893	1	43
2894	1	39
2895	1	41
2896	1	43
2897	1	41
2898	1	39
2899	1	41
2900	1	39
2901	1	39
2902	1	43
2903	1	39
2904	1	39
2905	1	39
2906	1	37
2907	1	41
2908	1	39
2909	1	41
2910	1	43
2911	1	43
2912	1	47
2913	1	43
2914	1	41
2915	1	39
2916	1	43
2917	1	35
2918	1	39
2919	1	41
2920	1	37
2921	1	43
2922	1	39
2923	1	41
2924	1	43
2925	1	45
2926	1	43
2927	1	39
2928	1	41
2929	1	41
2930	1	41
2931	1	37
2932	1	41
2933	1	39
2934	1	43
2935	1	37
2936	1	41
2937	1	45
2938	1	43
2939	1	33
2940	1	43
2941	1	39
2942	1	41
2943	1	37
2944	1	41
2945	1	45
2946	1	43
2947	1	43
2948	1	37
2949	1	39
2950	1	39
2951	1	43
2952	1	37
2953	1	39
2954	1	37
2955	1	41
2956	1	41
2957	1	39
2958	1	47
2959	1	39
2960	1	43
2961	1	39
2962	1	41
2963	1	39
2964	1	37
2965	1	39
2966	1	47
2967	1	39
2968	1	41
2969	1	41
2970	1	39
2971	1	43
2972	1	41
2973	1	45
2974	1	43
2975	1	39
2976	1	43
2977	1	39
2978	1	41
2979	1	43
2980	1	41
2981	1	39
2982	1	41
2983	1	41
2984	1	37
2985	1	43
2986	1	43
2987	1	37
2988	1	39
2989	1	41
2990	1	41
2991	1	35
2992	1	43
2993	1	45
2994	1	43
2995	1	39
2996	1	43
2997	1	43
2998	1	43
2999	1	43
3000	1	45
3001	1	45
3002	1	41
3003	1	35
3004	1	41
3005	1	41
3006	1	41
3007	1	41
3008	1	37
3009	1	35
3010	1	43
3011	1	39
3012	1	39
3013	1	37
3014	1	41
3015	1	43
3016	1	37
3017	1	45
3018	1	39
3019	1	41
3020	1	39
3021	1	39
3022	1	37
3023	1	39
3024	1	45
3025	1	43
3026	1	43
3027	1	39
3028	1	43
3029	1	47
3030	1	47
3031	1	37
3032	1	39
3033	1	43
3034	1	41
3035	1	39
3036	1	41
3037	1	39
3038	1	37
3039	1	41
3040	1	41
3041	1	43
3042	1	43
3043	1	47
3044	1	37
3045	1	43
3046	1	37
3047	1	39
3048	1	39
3049	1	35
3050	1	37
3051	1	43
3052	1	45
3053	1	37
3054	1	39
3055	1	35
3056	1	43
3057	1	39
3058	1	39
3059	1	43
3060	1	37
3061	1	45
3062	1	39
3063	1	39
3064	1	43
3065	1	39
3066	1	37
3067	1	41
3068	1	43
3069	1	41
3070	1	45
3071	1	41
3072	1	37
3073	1	43
3074	1	43
3075	1	41
3076	1	43
3077	1	43
3078	1	43
3079	1	43
3080	1	39
3081	1	41
3082	1	37
3083	1	41
3084	1	41
3085	1	41
3086	1	35
3087	1	43
3088	1	39
3089	1	41
3090	1	35
3091	1	43
3092	1	39
3093	1	43
3094	1	37
3095	1	41
3096	1	39
3097	1	45
3098	1	41
3099	1	43
3100	1	35
3101	1	41
3102	1	43
3103	1	39
3104	1	41
3105	1	41
3106	1	45
3107	1	41
3108	1	39
3109	1	39
3110	1	39
3111	1	39
3112	1	39
3113	1	39
3114	1	41
3115	1	41
3116	1	43
3117	1	45
3118	1	35
3119	1	37
3120	1	47
3121	1	39
3122	1	39
3123	1	43
3124	1	43
3125	1	45
3126	1	45
3127	1	41
3128	1	45
3129	1	37
3130	1	43
3131	1	41
3132	1	39
3133	1	37
3134	1	37
3135	1	37
3136	1	43
3137	1	43
3138	1	39
3139	1	39
3140	1	41
3141	1	41
3142	1	43
3143	1	37
3144	1	43
3145	1	37
3146	1	41
3147	1	41
3148	1	41
3149	1	35
3150	1	37
3151	1	39
3152	1	39
3153	1	43
3154	1	39
3155	1	43
3156	1	43
3157	1	39
3158	1	43
3159	1	45
3160	1	39
3161	1	39
3162	1	45
3163	1	45
3164	1	39
3165	1	43
3166	1	39
3167	1	39
3168	1	41
3169	1	43
3170	1	43
3171	1	39
3172	1	41
3173	1	37
3174	1	37
3175	1	43
3176	1	39
3177	1	41
3178	1	41
3179	1	41
3180	1	37
3181	1	39
3182	1	35
3183	1	39
3184	1	41
3185	1	41
3186	1	39
3187	1	37
3188	1	43
3189	1	39
3190	1	37
3191	1	35
3192	1	43
3193	1	41
3194	1	39
3195	1	39
3196	1	39
3197	1	41
3198	1	39
3199	1	41
3200	1	37
3201	1	43
3202	1	39
3203	1	43
3204	1	41
3205	1	41
3206	1	41
3207	1	37
3208	1	33
3209	1	39
3210	1	39
3211	1	39
3212	1	39
3213	1	43
3214	1	45
3215	1	37
3216	1	45
3217	1	35
3218	1	39
3219	1	41
3220	1	41
3221	1	39
3222	1	39
3223	1	41
3224	1	41
3225	1	47
3226	1	43
3227	1	43
3228	1	45
3229	1	41
3230	1	41
3231	1	37
3232	1	47
3233	1	45
3234	1	45
3235	1	45
3236	1	45
3237	1	37
3238	1	39
3239	1	47
3240	1	43
3241	1	39
3242	1	41
3243	1	41
3244	1	39
3245	1	43
3246	1	43
3247	1	43
3248	1	37
3249	1	39
3250	1	43
3251	1	39
3252	1	43
3253	1	43
3254	1	39
3255	1	35
3256	1	39
3257	1	35
3258	1	41
3259	1	41
3260	1	37
3261	1	37
3262	1	41
3263	1	41
3264	1	45
3265	1	43
3266	1	39
3267	1	41
3268	1	39
3269	0	44
3270	1	37
3271	1	39
3272	1	39
3273	1	41
3274	1	39
3275	1	41
3276	1	41
3277	1	39
3278	1	41
3279	1	47
3280	1	43
3281	1	41
3282	1	41
3283	1	41
3284	1	43
3285	1	35
3286	1	39
3287	1	45
3288	1	35
3289	1	43
3290	1	43
3291	1	41
3292	1	39
3293	1	39
3294	1	41
3295	1	39
3296	1	45
3297	1	47
3298	1	43
3299	1	39
3300	1	41
3301	1	45
3302	1	41
3303	1	45
3304	1	39
3305	1	43
3306	1	41
3307	1	45
3308	1	45
3309	1	39
3310	1	45
3311	1	43
3312	1	41
3313	1	43
3314	1	41
3315	1	39
3316	1	41
3317	1	41
3318	1	43
3319	1	41
3320	1	37
3321	1	43
3322	1	39
3323	1	45
3324	1	39
3325	1	39
3326	1	43
3327	1	41
3328	1	45
3329	1	35
3330	1	39
3331	1	39
3332	1	41
3333	1	41
3334	1	43
3335	1	41
3336	1	43
3337	1	39
3338	1	39
3339	1	37
3340	1	43
3341	1	47
3342	1	41
3343	1	41
3344	1	41
3345	1	43
3346	1	43
3347	1	35
3348	1	43
3349	1	43
3350	1	41
3351	1	47
3352	1	43
3353	1	43
3354	1	41
3355	1	45
3356	1	43
3357	1	39
3358	1	41
3359	1	39
3360	1	43
3361	1	41
3362	1	43
3363	1	37
3364	1	41
3365	1	45
3366	1	35
3367	1	45
3368	1	43
3369	1	43
3370	1	41
3371	1	39
3372	1	41
3373	1	37
3374	1	41
3375	1	45
3376	1	41
3377	1	37
3378	1	37
3379	1	41
3380	1	37
3381	1	43
3382	1	37
3383	1	39
3384	1	43
3385	1	43
3386	1	41
3387	1	43
3388	1	37
3389	1	41
3390	1	41
3391	0	40
3392	1	41
3393	1	39
3394	1	41
3395	1	45
3396	1	39
3397	1	33
3398	1	47
3399	1	43
3400	1	41
3401	1	41
3402	1	37
3403	1	41
3404	1	35
3405	1	37
3406	1	39
3407	1	39
3408	1	41
3409	1	43
3410	1	41
3411	1	41
3412	1	43
3413	1	43
3414	1	45
3415	1	41
3416	1	39
3417	1	43
3418	1	43
3419	1	43
3420	1	41
3421	1	35
3422	1	37
3423	1	41
3424	1	43
3425	1	37
3426	1	43
3427	1	45
3428	1	37
3429	1	41
3430	1	45
3431	1	41
3432	1	41
3433	1	41
3434	1	35
3435	1	39
3436	1	37
3437	1	45
3438	1	45
3439	1	41
3440	1	37
3441	1	39
3442	1	45
3443	1	41
3444	1	39
3445	1	39
3446	1	39
3447	1	43
3448	1	43
3449	1	41
3450	1	41
3451	1	39
3452	1	43
3453	1	45
3454	1	35
3455	1	43
3456	1	43
3457	1	39
3458	1	43
3459	1	47
3460	1	41
3461	1	39
3462	1	41
3463	1	37
3464	1	39
3465	1	39
3466	1	39
3467	1	35
3468	1	39
3469	1	35
3470	1	43
3471	1	45
3472	1	39
3473	1	39
3474	1	41
3475	1	41
3476	1	39
3477	1	43
3478	1	45
3479	1	39
3480	1	43
3481	1	39
3482	1	43
3483	1	45
3484	1	37
3485	1	41
3486	1	39
3487	1	35
3488	1	39
3489	1	41
3490	1	45
3491	1	41
3492	1	39
3493	1	47
3494	1	35
3495	1	39
3496	1	37
3497	1	39
3498	1	41
3499	1	45
3500	1	41
3501	1	45
3502	1	43
3503	1	41
3504	1	49
3505	1	39
3506	1	41
3507	1	37
3508	1	39
3509	1	41
3510	1	39
3511	1	43
3512	1	43
3513	1	37
3514	1	39
3515	1	37
3516	1	37
3517	1	41
3518	1	37
3519	1	39
3520	1	43
3521	1	39
3522	1	43
3523	1	39
3524	1	41
3525	1	41
3526	1	45
3527	1	45
3528	1	39
3529	1	39
3530	1	37
3531	1	39
3532	1	43
3533	1	45
3534	1	39
3535	1	43
3536	1	41
3537	1	39
3538	1	43
3539	1	39
3540	1	43
3541	1	45
3542	1	43
3543	1	41
3544	1	41
3545	1	41
3546	1	35
3547	1	35
3548	1	45
3549	1	41
3550	1	39
3551	1	37
3552	1	43
3553	1	41
3554	1	41
3555	1	41
3556	1	35
3557	1	37
3558	1	39
3559	1	41
3560	1	43
3561	1	45
3562	1	41
3563	1	41
3564	1	39
3565	1	41
3566	1	45
3567	1	41
3568	1	41
3569	1	41
3570	1	43
3571	1	39
3572	1	39
3573	1	37
3574	1	39
3575	1	43
3576	1	39
3577	1	41
3578	1	35
3579	1	41
3580	1	35
3581	1	39
3582	1	45
3583	1	41
3584	1	39
3585	1	39
3586	1	41
3587	1	41
3588	1	43
3589	1	41
3590	1	43
3591	1	43
3592	1	39
3593	1	43
3594	1	41
3595	1	35
3596	1	37
3597	1	35
3598	1	43
3599	1	37
3600	1	43
3601	1	43
3602	1	39
3603	1	41
3604	1	45
3605	1	41
3606	1	41
3607	1	43
3608	1	41
3609	1	41
3610	1	41
3611	1	43
3612	1	43
3613	1	41
3614	1	39
3615	1	41
3616	1	37
3617	1	39
3618	1	39
3619	1	41
3620	1	35
3621	1	41
3622	1	45
3623	1	39
3624	1	37
3625	1	43
3626	1	41
3627	1	37
3628	1	39
3629	1	41
3630	1	39
3631	1	39
3632	1	41
3633	1	37
3634	1	39
3635	1	43
3636	1	37
3637	1	43
3638	1	41
3639	1	41
3640	1	43
3641	1	43
3642	1	39
3643	1	45
3644	1	45
3645	1	41
3646	1	39
3647	1	39
3648	1	41
3649	1	43
3650	1	39
3651	1	43
3652	1	39
3653	1	39
3654	1	43
3655	1	43
3656	1	45
3657	1	41
3658	1	41
3659	1	47
3660	1	39
3661	1	41
3662	1	41
3663	1	39
3664	1	39
3665	1	39
3666	1	41
3667	1	39
3668	1	43
3669	1	41
3670	1	45
3671	1	41
3672	1	43
3673	1	37
3674	1	39
3675	1	43
3676	1	39
3677	1	47
3678	1	39
3679	1	39
3680	1	35
3681	1	41
3682	1	45
3683	1	43
3684	1	41
3685	1	37
3686	1	41
3687	1	45
3688	1	35
3689	1	41
3690	1	43
3691	1	43
3692	1	39
3693	1	43
3694	1	39
3695	1	41
3696	1	41
3697	1	43
3698	1	41
3699	1	39
3700	1	41
3701	1	41
3702	1	39
3703	1	39
3704	1	45
3705	1	39
3706	1	39
3707	1	39
3708	1	43
3709	1	43
3710	1	41
3711	1	41
3712	1	41
3713	1	43
3714	1	45
3715	1	45
3716	1	39
3717	1	39
3718	1	45
3719	1	41
3720	1	39
3721	1	43
3722	1	47
3723	1	41
3724	1	41
3725	1	39
3726	1	45
3727	1	41
3728	1	41
3729	1	39
3730	1	37
3731	1	43
3732	1	39
3733	1	43
3734	1	43
3735	1	37
3736	1	35
3737	1	39
3738	1	37
3739	1	33
3740	1	41
3741	1	39
3742	1	41
3743	1	43
3744	1	41
3745	1	37
3746	1	41
3747	1	39
3748	1	41
3749	1	37
3750	1	43
3751	1	43
3752	1	41
3753	1	41
3754	1	37
3755	1	39
3756	1	41
3757	1	41
3758	1	41
3759	1	41
3760	1	39
3761	1	41
3762	1	41
3763	1	39
3764	1	41
3765	1	41
3766	1	41
3767	1	41
3768	1	43
3769	1	39
3770	1	37
3771	1	41
3772	1	43
3773	1	39
3774	1	43
3775	1	43
3776	1	41
3777	1	39
3778	1	43
3779	1	41
3780	1	41
3781	1	47
3782	1	41
3783	1	37
3784	1	43
3785	1	41
3786	1	39
3787	1	39
3788	1	45
3789	1	41
3790	1	41
3791	1	41
3792	1	39
3793	1	41
3794	1	43
3795	1	39
3796	1	43
3797	1	39
3798	1	43
3799	1	41
3800	1	41
3801	1	41
3802	1	39
3803	1	39
3804	1	39
3805	1	43
3806	1	41
3807	1	39
3808	1	41
3809	1	39
3810	1	39
3811	1	39
3812	1	39
3813	1	43
3814	1	37
3815	1	41
3816	1	43
3817	1	39
3818	1	39
3819	1	43
3820	1	39
3821	1	41
3822	1	39
3823	1	37
3824	1	39
3825	1	45
3826	1	41
3827	1	37
3828	1	39
3829	1	39
3830	1	35
3831	1	41
3832	1	35
3833	1	41
3834	1	41
3835	1	35
3836	1	41
3837	1	41
3838	1	43
3839	1	43
3840	1	41
3841	1	39
3842	1	47
3843	1	41
3844	1	37
3845	1	39
3846	1	47
3847	1	43
3848	1	43
3849	1	45
3850	1	39
3851	1	41
3852	1	39
3853	1	39
3854	1	41
3855	1	43
3856	1	41
3857	1	43
3858	1	45
3859	1	39
3860	1	45
3861	1	45
3862	1	39
3863	1	37
3864	1	43
3865	1	41
3866	1	45
3867	1	39
3868	1	41
3869	1	43
3870	1	43
3871	1	41
3872	1	43
3873	1	39
3874	1	41
3875	1	41
3876	1	41
3877	1	43
3878	1	41
3879	1	39
3880	1	37
3881	1	39
3882	1	39
3883	1	39
3884	1	39
3885	1	43
3886	1	43
3887	1	39
3888	1	39
3889	1	43
3890	1	37
3891	1	41
3892	1	45
3893	1	41
3894	1	41
3895	1	39
3896	1	41
3897	1	43
3898	1	41
3899	1	45
3900	1	47
3901	1	39
3902	1	39
3903	1	43
3904	1	39
3905	1	45
3906	1	43
3907	1	41
3908	1	45
3909	1	43
3910	1	43
3911	1	45
3912	1	43
3913	1	39
3914	1	37
3915	1	39
3916	1	43
3917	1	39
3918	1	41
3919	1	43
3920	1	41
3921	1	39
3922	1	43
3923	1	41
3924	1	45
3925	1	41
3926	1	41
3927	1	35
3928	1	39
3929	1	47
3930	1	43
3931	1	41
3932	1	35
3933	1	41
3934	1	47
3935	1	41
3936	1	39
3937	1	41
3938	1	43
3939	1	43
3940	1	43
3941	1	45
3942	1	43
3943	1	43
3944	1	45
3945	1	39
3946	1	43
3947	1	35
3948	1	43
3949	1	45
3950	1	45
3951	1	39
3952	1	43
3953	1	39
3954	1	41
3955	1	41
3956	1	41
3957	1	39
3958	1	39
3959	1	43
3960	1	41
3961	1	39
3962	1	37
3963	1	37
3964	1	35
3965	1	47
3966	1	39
3967	1	39
3968	1	41
3969	1	39
3970	1	41
3971	1	37
3972	1	41
3973	1	41
3974	1	41
3975	1	41
3976	1	43
3977	1	43
3978	1	35
3979	1	43
3980	1	37
3981	1	35
3982	1	35
3983	1	41
3984	1	37
3985	1	43
3986	1	37
3987	1	41
3988	1	41
3989	1	39
3990	1	39
3991	1	43
3992	1	39
3993	1	45
3994	1	39
3995	1	37
3996	1	39
3997	1	43
3998	1	39
3999	1	43
4000	1	37
4001	1	41
4002	1	41
4003	1	39
4004	1	41
4005	1	39
4006	1	45
4007	1	41
4008	1	41
4009	1	43
4010	1	45
4011	1	39
4012	1	39
4013	1	39
4014	1	39
4015	1	39
4016	1	41
4017	1	41
4018	1	47
4019	1	37
4020	1	47
4021	1	39
4022	1	45
4023	1	45
4024	1	45
4025	1	43
4026	1	41
4027	1	39
4028	1	41
4029	1	43
4030	1	45
4031	1	41
4032	1	37
4033	1	43
4034	1	43
4035	1	37
4036	1	43
4037	1	39
4038	1	39
4039	1	41
4040	1	43
4041	1	39
4042	1	45
4043	1	37
4044	1	35
4045	1	39
4046	1	41
4047	1	37
4048	1	41
4049	1	41
4050	1	45
4051	1	35
4052	1	41
4053	1	41
4054	1	43
4055	1	45
4056	1	45
4057	1	41
4058	1	43
4059	1	45
4060	1	39
4061	1	37
4062	1	39
4063	1	43
4064	1	43
4065	0	42
4066	1	37
4067	0	46
4068	1	45
4069	1	43
4070	1	45
4071	1	43
4072	1	39
4073	1	43
4074	1	41
4075	1	37
4076	0	42
4077	1	41
4078	1	41
4079	1	37
4080	1	43
4081	1	41
4082	1	41
4083	1	41
4084	1	37
4085	1	41
4086	1	45
4087	1	41
4088	1	45
4089	1	43
4090	1	43
4091	1	41
4092	1	43
4093	1	39
4094	1	39
4095	1	43
4096	1	41
4097	1	39
4098	1	39
4099	1	45
4100	1	39
4101	1	37
4102	1	45
4103	1	41
4104	1	41
4105	1	37
4106	1	45
4107	1	43
4108	1	37
4109	1	43
4110	1	43
4111	1	43
4112	1	41
4113	1	37
4114	1	39
4115	1	43
4116	1	47
4117	1	45
4118	1	37
4119	1	39
4120	1	39
4121	1	41
4122	1	41
4123	1	39
4124	1	37
4125	1	39
4126	1	41
4127	1	43
4128	1	45
4129	1	37
4130	1	41
4131	1	39
4132	1	37
4133	1	41
4134	1	43
4135	1	37
4136	1	37
4137	1	47
4138	1	41
4139	1	41
4140	1	35
4141	1	35
4142	1	43
4143	1	37
4144	1	41
4145	1	41
4146	1	43
4147	1	41
4148	1	47
4149	1	43
4150	1	37
4151	1	43
4152	1	41
4153	1	45
4154	1	41
4155	1	43
4156	1	45
4157	1	39
4158	1	35
4159	1	45
4160	1	41
4161	1	39
4162	1	43
4163	1	41
4164	1	41
4165	1	45
4166	1	45
4167	1	47
4168	1	43
4169	1	39
4170	1	43
4171	1	39
4172	1	43
4173	1	35
4174	1	37
4175	1	43
4176	1	41
4177	1	41
4178	1	43
4179	1	39
4180	1	45
4181	1	43
4182	1	37
4183	1	37
4184	1	37
4185	1	41
4186	1	41
4187	1	47
4188	1	41
4189	1	41
4190	1	41
4191	1	41
4192	1	41
4193	1	41
4194	1	39
4195	1	39
4196	1	41
4197	1	41
4198	1	45
4199	1	43
4200	1	41
4201	1	37
4202	1	41
4203	1	43
4204	1	43
4205	1	39
4206	1	39
4207	1	43
4208	1	41
4209	1	43
4210	1	39
4211	1	39
4212	1	39
4213	1	43
4214	1	43
4215	1	45
4216	1	41
4217	1	39
4218	1	41
4219	1	35
4220	1	43
4221	1	41
4222	1	37
4223	1	37
4224	1	43
4225	1	47
4226	1	41
4227	1	45
4228	1	35
4229	1	41
4230	1	41
4231	1	41
4232	1	43
4233	1	43
4234	1	43
4235	1	41
4236	1	41
4237	1	43
4238	1	37
4239	1	41
4240	1	39
4241	1	35
4242	0	42
4243	1	45
4244	1	43
4245	1	39
4246	1	45
4247	1	37
4248	1	41
4249	1	43
4250	1	37
4251	1	45
4252	1	39
4253	1	41
4254	1	43
4255	1	39
4256	1	39
4257	1	37
4258	1	41
4259	1	37
4260	1	45
4261	1	41
4262	1	37
4263	1	45
4264	1	41
4265	1	41
4266	1	37
4267	1	35
4268	1	37
4269	1	41
4270	1	41
4271	1	39
4272	1	39
4273	1	41
4274	1	41
4275	1	41
4276	1	43
4277	1	37
4278	1	37
4279	1	39
4280	1	43
4281	1	47
4282	1	43
4283	1	41
4284	1	43
4285	1	45
4286	1	39
4287	1	45
4288	1	39
4289	1	41
4290	1	41
4291	1	47
4292	1	43
4293	1	45
4294	1	39
4295	1	43
4296	1	43
4297	1	37
4298	1	37
4299	1	39
4300	1	45
4301	1	41
4302	1	41
4303	1	45
4304	1	39
4305	1	41
4306	1	43
4307	1	47
4308	1	35
4309	1	41
4310	1	43
4311	1	43
4312	1	41
4313	1	41
4314	1	43
4315	1	43
4316	1	43
4317	1	41
4318	1	37
4319	1	43
4320	1	39
4321	1	45
4322	1	43
4323	1	43
4324	1	41
4325	1	39
4326	1	41
4327	1	41
4328	1	43
4329	1	41
4330	1	41
4331	1	37
4332	1	41
4333	1	39
4334	1	37
4335	1	45
4336	1	35
4337	1	37
4338	1	39
4339	1	41
4340	1	41
4341	1	43
4342	1	41
4343	1	41
4344	1	41
4345	1	43
4346	1	41
4347	1	41
4348	1	37
4349	1	43
4350	1	45
4351	1	43
4352	1	45
4353	1	41
4354	1	37
4355	1	47
4356	1	43
4357	1	41
4358	1	47
4359	1	43
4360	1	37
4361	1	37
4362	1	35
4363	1	47
4364	1	41
4365	1	41
4366	1	41
4367	1	45
4368	1	45
4369	1	41
4370	1	43
4371	1	41
4372	1	47
4373	1	39
4374	1	39
4375	1	43
4376	1	41
4377	1	41
4378	1	47
4379	1	37
4380	1	39
4381	1	41
4382	1	47
4383	1	45
4384	1	41
4385	1	41
4386	1	39
4387	1	39
4388	1	41
4389	1	43
4390	1	41
4391	1	41
4392	1	43
4393	1	43
4394	1	37
4395	1	37
4396	1	43
4397	1	43
4398	1	43
4399	1	43
4400	1	39
4401	1	39
4402	1	37
4403	1	41
4404	1	39
4405	1	41
4406	1	37
4407	1	43
4408	1	37
4409	1	43
4410	1	35
4411	1	45
4412	1	37
4413	1	41
4414	1	39
4415	1	41
4416	1	41
4417	1	41
4418	1	39
4419	1	37
4420	1	37
4421	1	39
4422	1	43
4423	1	39
4424	1	43
4425	1	39
4426	1	41
4427	1	43
4428	1	37
4429	1	35
4430	1	45
4431	1	37
4432	1	43
4433	1	45
4434	1	37
4435	1	39
4436	1	41
4437	1	39
4438	1	41
4439	1	43
4440	1	39
4441	1	41
4442	1	47
4443	1	37
4444	1	39
4445	1	39
4446	1	43
4447	1	45
4448	1	47
4449	1	43
4450	1	41
4451	1	41
4452	1	39
4453	1	41
4454	1	41
4455	1	35
4456	1	41
4457	1	41
4458	1	43
4459	1	43
4460	1	37
4461	1	37
4462	1	41
4463	1	39
4464	1	43
4465	1	41
4466	1	39
4467	1	41
4468	1	43
4469	1	41
4470	1	39
4471	1	43
4472	1	43
4473	1	41
4474	1	41
4475	1	39
4476	1	39
4477	1	39
4478	1	39
4479	1	37
4480	1	45
4481	1	43
4482	1	39
4483	0	42
4484	1	43
4485	1	45
4486	1	45
4487	1	37
4488	1	37
4489	1	39
4490	0	42
4491	1	39
4492	1	43
4493	1	41
4494	1	41
4495	1	33
4496	1	41
4497	1	33
4498	1	37
4499	1	41
4500	1	43
4501	1	41
4502	1	39
4503	1	43
4504	1	39
4505	1	39
4506	1	35
4507	1	37
4508	1	43
4509	1	39
4510	1	41
4511	1	39
4512	1	41
4513	1	45
4514	1	41
4515	1	41
4516	1	41
4517	1	41
4518	1	43
4519	1	43
4520	1	39
4521	1	41
4522	1	43
4523	1	39
4524	1	41
4525	1	41
4526	1	43
4527	1	45
4528	1	41
4529	1	41
4530	1	47
4531	1	39
4532	1	41
4533	1	41
4534	1	43
4535	1	47
4536	1	43
4537	1	41
4538	1	43
4539	1	43
4540	1	39
4541	1	45
4542	1	39
4543	1	37
4544	1	41
4545	1	41
4546	1	41
4547	1	41
4548	1	39
4549	1	45
4550	1	41
4551	1	35
4552	1	37
4553	1	45
4554	1	39
4555	1	43
4556	1	39
4557	1	37
4558	1	41
4559	1	43
4560	1	45
4561	1	41
4562	1	43
4563	1	41
4564	1	39
4565	1	41
4566	1	43
4567	1	43
4568	1	37
4569	1	39
4570	1	37
4571	1	43
4572	1	41
4573	1	35
4574	1	39
4575	1	43
4576	1	43
4577	1	41
4578	1	41
4579	1	39
4580	1	43
4581	1	43
4582	1	43
4583	1	39
4584	1	41
4585	1	41
4586	1	43
4587	1	37
4588	1	43
4589	1	41
4590	1	45
4591	1	43
4592	1	43
4593	1	45
4594	1	39
4595	1	39
4596	1	39
4597	1	45
4598	1	41
4599	1	37
4600	1	39
4601	1	41
4602	1	39
4603	1	39
4604	1	43
4605	0	44
4606	1	41
4607	1	45
4608	1	43
4609	1	43
4610	1	41
4611	1	39
4612	1	41
4613	1	41
4614	1	41
4615	1	35
4616	1	41
4617	1	39
4618	1	35
4619	1	37
4620	1	39
4621	1	43
4622	1	43
4623	1	41
4624	1	39
4625	1	43
4626	1	43
4627	1	37
4628	1	43
4629	1	41
4630	1	41
4631	1	39
4632	1	39
4633	1	41
4634	1	41
4635	1	41
4636	1	41
4637	1	35
4638	1	39
4639	1	39
4640	1	47
4641	1	41
4642	1	41
4643	1	35
4644	1	35
4645	1	39
4646	1	39
4647	1	39
4648	1	43
4649	1	41
4650	1	39
4651	1	39
4652	1	43
4653	1	47
4654	1	39
4655	1	43
4656	1	41
4657	1	41
4658	1	43
4659	1	35
4660	1	35
4661	1	45
4662	1	39
4663	1	43
4664	1	41
4665	1	41
4666	1	37
4667	1	41
4668	1	41
4669	1	41
4670	1	43
4671	1	39
4672	1	41
4673	1	41
4674	1	41
4675	0	42
4676	1	41
4677	1	43
4678	1	41
4679	1	41
4680	1	39
4681	1	43
4682	1	41
4683	1	41
4684	1	45
4685	1	41
4686	1	39
4687	1	45
4688	1	39
4689	1	41
4690	1	41
4691	1	37
4692	1	43
4693	1	43
4694	1	41
4695	1	45
4696	1	39
4697	1	45
4698	1	41
4699	1	39
4700	1	37
4701	1	41
4702	1	39
4703	1	41
4704	1	39
4705	1	41
4706	1	43
4707	1	41
4708	1	37
4709	1	37
4710	1	41
4711	1	35
4712	1	43
4713	1	39
4714	1	43
4715	1	41
4716	1	35
4717	1	45
4718	1	41
4719	1	37
4720	1	41
4721	1	39
4722	1	45
4723	1	39
4724	1	43
4725	1	39
4726	1	39
4727	1	41
4728	1	37
4729	1	37
4730	1	43
4731	1	45
4732	1	41
4733	1	45
4734	1	41
4735	1	37
4736	1	41
4737	1	39
4738	1	39
4739	1	45
4740	1	43
4741	1	43
4742	1	39
4743	1	43
4744	1	45
4745	1	43
4746	1	41
4747	1	41
4748	1	45
4749	1	43
4750	1	39
4751	1	39
4752	1	43
4753	1	37
4754	1	43
4755	1	43
4756	1	39
4757	1	37
4758	1	37
4759	1	41
4760	1	41
4761	1	41
4762	1	39
4763	1	43
4764	1	39
4765	1	43
4766	1	47
4767	1	43
4768	1	39
4769	1	41
4770	1	45
4771	1	39
4772	1	41
4773	1	41
4774	1	45
4775	1	39
4776	1	43
4777	1	45
4778	1	41
4779	1	41
4780	1	43
4781	1	41
4782	1	39
4783	1	41
4784	1	39
4785	1	43
4786	1	41
4787	1	41
4788	1	37
4789	1	39
4790	1	43
4791	1	41
4792	1	39
4793	1	39
4794	1	45
4795	1	37
4796	1	41
4797	1	35
4798	1	41
4799	1	39
4800	1	39
4801	1	39
4802	1	45
4803	1	45
4804	1	43
4805	1	41
4806	1	39
4807	1	45
4808	1	43
4809	1	37
4810	1	39
4811	1	41
4812	1	43
4813	1	47
4814	1	41
4815	1	47
4816	1	41
4817	1	45
4818	1	41
4819	1	45
4820	1	45
4821	1	39
4822	1	45
4823	1	37
4824	1	39
4825	1	39
4826	1	43
4827	1	39
4828	1	35
4829	1	39
4830	1	41
4831	1	45
4832	1	43
4833	1	39
4834	1	43
4835	1	35
4836	1	41
4837	1	43
4838	1	45
4839	1	41
4840	1	37
4841	1	37
4842	1	45
4843	1	39
4844	1	37
4845	1	39
4846	1	33
4847	1	39
4848	1	37
4849	1	43
4850	1	41
4851	1	45
4852	1	41
4853	1	41
4854	1	43
4855	1	41
4856	1	41
4857	1	41
4858	1	43
4859	1	37
4860	1	35
4861	1	39
4862	1	45
4863	1	43
4864	1	41
4865	1	39
4866	1	39
4867	1	37
4868	1	39
4869	1	39
4870	1	39
4871	1	39
4872	1	43
4873	1	45
4874	1	43
4875	1	39
4876	1	39
4877	1	43
4878	1	41
4879	1	45
4880	1	43
4881	1	39
4882	1	41
4883	1	41
4884	1	41
4885	1	43
4886	1	39
4887	1	37
4888	1	39
4889	1	41
4890	1	39
4891	1	37
4892	1	39
4893	1	41
4894	1	41
4895	1	41
4896	1	41
4897	1	39
4898	1	41
4899	1	39
4900	1	45
4901	1	47
4902	1	41
4903	1	41
4904	1	37
4905	1	43
4906	1	43
4907	1	39
4908	1	41
4909	1	41
4910	1	41
4911	1	43
4912	1	43
4913	1	37
4914	1	41
4915	1	41
4916	1	43
4917	1	39
4918	1	39
4919	1	43
4920	1	43
4921	1	43
4922	1	39
4923	1	41
4924	1	39
4925	0	44
4926	1	45
4927	1	41
4928	1	37
4929	1	41
4930	1	41
4931	1	41
4932	1	41
4933	1	41
4934	1	37
4935	1	39
4936	1	39
4937	1	41
4938	1	47
4939	1	39
4940	1	37
4941	1	41
4942	1	41
4943	1	37
4944	1	41
4945	1	41
4946	1	47
4947	1	43
4948	1	41
4949	1	41
4950	1	41
4951	1	39
4952	1	43
4953	1	41
4954	1	39
4955	1	45
4956	1	39
4957	1	39
4958	1	37
4959	1	35
4960	1	37
4961	1	41
4962	0	44
4963	1	35
4964	1	39
4965	1	41
4966	1	39
4967	1	41
4968	1	39
4969	1	39
4970	1	39
4971	1	41
4972	1	39
4973	1	41
4974	1	37
4975	1	47
4976	1	43
4977	1	43
4978	0	46
4979	1	41
4980	1	43
4981	1	39
4982	1	43
4983	1	41
4984	1	43
4985	1	43
4986	1	41
4987	1	41
4988	1	43
4989	1	41
4990	1	41
4991	1	35
4992	1	39
4993	1	37
4994	1	37
4995	1	39
4996	1	41
4997	1	43
4998	1	43
4999	1	39
5000	1	39
5001	1	43
5002	1	37
5003	1	43
5004	1	43
5005	1	43
5006	1	41
5007	1	43
5008	1	41
5009	1	45
5010	1	45
5011	1	41
5012	1	33
5013	1	39
5014	1	41
5015	1	43
5016	1	37
5017	1	39
5018	1	35
5019	1	41
5020	1	39
5021	1	37
5022	1	37
5023	1	41
5024	1	41
5025	1	39
5026	1	39
5027	1	43
5028	1	41
5029	1	39
5030	1	39
5031	1	43
5032	1	43
5033	1	37
5034	1	41
5035	1	43
5036	1	45
5037	1	41
5038	1	43
5039	1	41
5040	1	39
5041	1	45
5042	1	37
5043	1	41
5044	1	43
5045	1	41
5046	1	39
5047	1	37
5048	1	41
5049	1	41
5050	1	45
5051	1	37
5052	1	41
5053	1	41
5054	1	41
5055	1	43
5056	1	39
5057	1	39
5058	1	39
5059	1	39
5060	1	43
5061	1	41
5062	1	43
5063	1	39
5064	1	41
5065	1	45
5066	1	39
5067	1	41
5068	1	43
5069	1	37
5070	1	39
5071	1	43
5072	1	39
5073	1	41
5074	1	39
5075	1	41
5076	1	39
5077	1	37
5078	1	41
5079	1	39
5080	1	39
5081	1	43
5082	1	41
5083	1	39
5084	1	43
5085	1	39
5086	1	41
5087	1	37
5088	1	41
5089	1	39
5090	1	41
5091	1	41
5092	1	35
5093	1	41
5094	1	43
5095	1	43
5096	1	43
5097	1	37
5098	1	37
5099	1	37
5100	1	43
5101	1	39
5102	1	41
5103	1	45
5104	1	41
5105	1	35
5106	1	43
5107	1	41
5108	1	43
5109	1	37
5110	1	41
5111	1	41
5112	1	41
5113	1	43
5114	1	41
5115	1	41
5116	1	41
5117	1	43
5118	1	45
5119	1	41
5120	1	45
5121	1	41
5122	1	39
5123	1	43
5124	1	39
5125	1	39
5126	1	41
5127	1	41
5128	1	41
5129	1	47
5130	1	37
5131	1	43
5132	1	39
5133	1	37
5134	1	41
5135	1	41
5136	1	43
5137	1	43
5138	1	45
5139	1	43
5140	1	45
5141	1	43
5142	1	41
5143	1	37
5144	1	37
5145	1	39
5146	1	41
5147	1	45
5148	1	41
5149	1	43
5150	1	41
5151	1	41
5152	1	41
5153	1	41
5154	1	45
5155	1	37
5156	1	43
5157	1	43
5158	1	37
5159	1	45
5160	1	43
5161	1	41
5162	1	35
5163	1	41
5164	1	47
5165	1	39
5166	1	41
5167	1	37
5168	1	35
5169	1	43
5170	1	45
5171	1	45
5172	1	45
5173	1	43
5174	1	43
5175	1	43
5176	1	37
5177	1	43
5178	1	39
5179	1	39
5180	1	45
5181	1	39
5182	1	41
5183	1	39
5184	1	35
5185	1	43
5186	1	43
5187	1	45
5188	1	41
5189	1	43
5190	1	41
5191	1	41
5192	1	43
5193	1	39
5194	1	43
5195	1	41
5196	1	41
5197	1	45
5198	1	41
5199	1	45
5200	1	43
5201	1	41
5202	1	41
5203	1	41
5204	1	43
5205	1	39
5206	0	44
5207	1	41
5208	1	43
5209	1	37
5210	1	47
5211	1	39
5212	1	37
5213	1	39
5214	1	45
5215	1	39
5216	1	37
5217	1	41
5218	1	45
5219	1	45
5220	1	39
5221	1	35
5222	1	39
5223	1	39
5224	1	39
5225	1	41
5226	1	41
5227	1	41
5228	1	35
5229	1	41
5230	1	37
5231	1	45
5232	1	41
5233	1	43
5234	1	43
5235	1	43
5236	1	43
5237	1	43
5238	1	45
5239	1	41
5240	1	45
5241	1	37
5242	1	41
5243	1	35
5244	1	43
5245	1	41
5246	1	43
5247	1	41
5248	1	41
5249	1	39
5250	1	37
5251	1	43
5252	1	39
5253	1	41
5254	1	41
5255	1	41
5256	1	41
5257	1	43
5258	1	37
5259	1	41
5260	1	39
5261	1	45
5262	1	45
5263	1	39
5264	1	41
5265	1	45
5266	1	41
5267	1	41
5268	1	37
5269	1	39
5270	1	45
5271	1	41
5272	1	43
5273	1	41
5274	1	39
5275	1	43
5276	1	41
5277	1	39
5278	1	41
5279	1	39
5280	1	45
5281	1	47
5282	1	39
5283	1	43
5284	1	37
5285	1	45
5286	1	41
5287	1	39
5288	1	41
5289	1	47
5290	1	43
5291	1	39
5292	1	41
5293	1	45
5294	1	41
5295	1	45
5296	1	41
5297	1	35
5298	1	39
5299	1	47
5300	1	39
5301	1	39
5302	0	44
5303	1	41
5304	1	41
5305	1	43
5306	1	41
5307	1	39
5308	1	43
5309	1	37
5310	1	41
5311	1	43
5312	1	41
5313	1	39
5314	1	41
5315	1	41
5316	1	43
5317	1	43
5318	1	35
5319	1	45
5320	1	43
5321	1	43
5322	1	41
5323	1	43
5324	1	37
5325	1	41
5326	1	35
5327	1	43
5328	1	43
5329	1	41
5330	1	39
5331	1	43
5332	1	37
5333	1	43
5334	1	37
5335	1	43
5336	1	45
5337	1	41
5338	1	45
5339	1	35
5340	1	41
5341	1	43
5342	1	41
5343	1	41
5344	1	41
5345	1	43
5346	1	45
5347	1	47
5348	1	43
5349	1	41
5350	1	43
5351	1	41
5352	1	45
5353	1	43
5354	1	45
5355	1	41
5356	1	39
5357	1	39
5358	1	37
5359	1	39
5360	1	43
5361	1	41
5362	1	35
5363	1	41
5364	1	41
5365	1	43
5366	1	39
5367	1	33
5368	1	41
5369	1	39
5370	1	39
5371	1	41
5372	1	39
5373	1	41
5374	1	43
5375	1	39
5376	1	39
5377	1	41
5378	1	37
5379	1	37
5380	1	43
5381	1	43
5382	1	39
5383	1	43
5384	1	43
5385	1	41
5386	1	39
5387	1	37
5388	1	41
5389	1	41
5390	1	35
5391	1	37
5392	1	41
5393	1	45
5394	1	45
5395	1	41
5396	1	43
5397	1	39
5398	1	37
5399	1	43
5400	1	43
5401	1	43
5402	1	43
5403	1	43
5404	1	45
5405	1	41
5406	1	39
5407	1	41
5408	1	41
5409	1	41
5410	1	43
5411	1	47
5412	1	43
5413	1	41
5414	1	43
5415	1	37
5416	1	43
5417	1	45
5418	1	43
5419	1	37
5420	1	43
5421	1	43
5422	1	43
5423	1	39
5424	1	43
5425	1	43
5426	1	39
5427	1	45
5428	1	41
5429	1	45
5430	1	45
5431	1	41
5432	1	45
5433	1	43
5434	1	37
5435	1	43
5436	1	37
5437	1	41
5438	1	41
5439	1	41
5440	1	43
5441	1	47
5442	1	41
5443	1	39
5444	1	41
5445	1	39
5446	1	39
5447	1	39
5448	1	41
5449	1	41
5450	1	39
5451	1	39
5452	1	41
5453	1	37
5454	1	41
5455	1	43
5456	1	37
5457	1	41
5458	1	35
5459	1	45
5460	1	41
5461	1	43
5462	1	41
5463	1	43
5464	1	41
5465	1	41
5466	1	43
5467	1	41
5468	1	45
5469	1	37
5470	1	43
5471	1	39
5472	1	37
5473	1	43
5474	1	39
5475	1	39
5476	1	39
5477	0	42
5478	1	43
5479	1	39
5480	1	41
5481	1	39
5482	1	43
5483	1	45
5484	1	37
5485	1	43
5486	1	43
5487	1	39
5488	1	37
5489	1	39
5490	1	41
5491	1	39
5492	1	39
5493	1	41
5494	1	41
5495	1	45
5496	1	41
5497	1	41
5498	1	41
5499	1	39
5500	1	41
5501	1	41
5502	1	37
5503	1	37
5504	1	41
5505	1	45
5506	1	45
5507	1	41
5508	1	35
5509	1	39
5510	1	39
5511	1	43
5512	1	47
5513	1	47
5514	1	41
5515	1	43
5516	1	41
5517	1	41
5518	1	47
5519	1	37
5520	1	39
5521	1	41
5522	1	43
5523	1	39
5524	1	45
5525	1	39
5526	1	43
5527	1	39
5528	1	43
5529	1	39
5530	1	39
5531	1	45
5532	1	41
5533	1	39
5534	1	39
5535	1	43
5536	1	39
5537	1	43
5538	1	39
5539	1	41
5540	1	39
5541	1	45
5542	0	42
5543	1	43
5544	1	43
5545	1	39
5546	1	39
5547	1	39
5548	1	39
5549	1	39
5550	1	39
5551	1	37
5552	1	43
5553	1	43
5554	1	39
5555	1	41
5556	1	37
5557	1	39
5558	1	43
5559	1	41
5560	1	41
5561	1	45
5562	1	39
5563	1	41
5564	1	39
5565	1	37
5566	1	43
5567	1	45
5568	1	43
5569	1	41
5570	1	39
5571	1	39
5572	1	37
5573	1	35
5574	1	37
5575	1	41
5576	1	41
5577	1	37
5578	1	45
5579	1	39
5580	1	39
5581	1	37
5582	1	41
5583	1	41
5584	1	39
5585	1	43
5586	1	43
5587	1	41
5588	1	41
5589	1	39
5590	1	43
5591	1	37
5592	1	43
5593	1	41
5594	1	39
5595	1	43
5596	1	41
5597	1	45
5598	1	37
5599	1	39
5600	1	41
5601	1	39
5602	1	43
5603	1	39
5604	1	41
5605	1	41
5606	1	43
5607	1	47
5608	1	39
5609	1	39
5610	1	39
5611	1	43
5612	1	47
5613	1	43
5614	1	35
5615	1	43
5616	1	43
5617	1	41
5618	1	43
5619	1	41
5620	1	41
5621	1	41
5622	1	37
5623	1	41
5624	1	43
5625	1	41
5626	1	43
5627	1	43
5628	1	39
5629	1	43
5630	1	41
5631	1	39
5632	1	41
5633	1	45
5634	1	41
5635	1	45
5636	1	41
5637	1	41
5638	1	43
5639	1	43
5640	1	43
5641	1	47
5642	1	39
5643	1	41
5644	1	39
5645	1	41
5646	1	39
5647	1	41
5648	1	35
5649	1	45
5650	1	43
5651	1	39
5652	1	39
5653	1	41
5654	1	37
5655	1	39
5656	1	43
5657	1	37
5658	1	47
5659	1	43
5660	1	41
5661	1	39
5662	1	41
5663	1	49
5664	1	43
5665	1	41
5666	1	45
5667	1	43
5668	1	37
5669	1	39
5670	1	39
5671	1	41
5672	1	43
5673	1	43
5674	1	41
5675	1	39
5676	1	43
5677	1	45
5678	1	39
5679	1	41
5680	1	37
5681	1	43
5682	1	41
5683	1	43
5684	1	45
5685	1	43
5686	1	39
5687	1	43
5688	1	41
5689	1	37
5690	1	39
5691	1	41
5692	1	41
5693	1	37
5694	1	39
5695	1	41
5696	1	37
5697	1	41
5698	1	39
5699	1	43
5700	1	41
5701	1	45
5702	1	45
5703	1	45
5704	1	37
5705	1	41
5706	1	39
5707	1	41
5708	1	39
5709	1	41
5710	1	43
5711	1	43
5712	1	43
5713	1	43
5714	1	41
5715	1	43
5716	1	37
5717	1	39
5718	1	39
5719	1	41
5720	1	41
5721	1	41
5722	1	43
5723	1	43
5724	1	45
5725	1	41
5726	1	35
5727	1	43
5728	1	45
5729	1	37
5730	1	43
5731	1	37
5732	1	45
5733	1	43
5734	1	41
5735	1	43
5736	1	43
5737	1	43
5738	1	39
5739	1	45
5740	1	43
5741	1	37
5742	1	37
5743	1	41
5744	1	37
5745	1	39
5746	1	43
5747	1	47
5748	1	45
5749	1	43
5750	1	41
5751	1	37
5752	1	43
5753	1	43
5754	1	37
5755	1	37
5756	1	41
5757	1	43
5758	1	41
5759	1	45
5760	1	41
5761	1	41
5762	1	39
5763	1	43
5764	1	39
5765	1	37
5766	1	41
5767	1	45
5768	1	39
5769	1	37
5770	1	41
5771	1	43
5772	1	41
5773	1	45
5774	1	33
5775	1	37
5776	1	43
5777	1	39
5778	1	39
5779	1	41
5780	1	39
5781	1	45
5782	1	41
5783	1	35
5784	1	41
5785	1	39
5786	1	43
5787	1	41
5788	1	41
5789	1	39
5790	1	39
5791	1	41
5792	1	41
5793	1	43
5794	1	41
5795	1	37
5796	1	45
5797	1	37
5798	1	43
5799	1	45
5800	1	45
5801	1	45
5802	1	43
5803	1	41
5804	1	35
5805	1	41
5806	1	39
5807	1	41
5808	1	39
5809	1	41
5810	1	45
5811	1	39
5812	1	35
5813	1	39
5814	1	41
5815	1	43
5816	1	43
5817	1	39
5818	1	43
5819	1	39
5820	1	39
5821	1	47
5822	1	39
5823	1	41
5824	1	47
5825	1	39
5826	1	37
5827	1	37
5828	1	39
5829	1	43
5830	1	43
5831	1	41
5832	1	39
5833	1	45
5834	1	39
5835	1	39
5836	1	41
5837	1	45
5838	1	39
5839	1	41
5840	1	47
5841	1	47
5842	1	33
5843	1	43
5844	1	37
5845	1	43
5846	1	45
5847	1	43
5848	1	41
5849	1	41
5850	1	41
5851	1	45
5852	1	39
5853	1	39
5854	1	41
5855	1	37
5856	1	41
5857	1	43
5858	1	41
5859	1	41
5860	1	39
5861	1	39
5862	1	41
5863	1	39
5864	1	43
5865	1	37
5866	1	41
5867	1	43
5868	1	43
5869	1	41
5870	1	43
5871	1	43
5872	1	41
5873	1	39
5874	1	43
5875	1	43
5876	1	37
5877	1	41
5878	1	43
5879	1	39
5880	1	45
5881	1	37
5882	1	43
5883	1	37
5884	1	43
5885	1	39
5886	1	37
5887	1	41
5888	1	41
5889	1	39
5890	1	35
5891	1	45
5892	1	39
5893	1	37
5894	1	39
5895	1	39
5896	1	37
5897	1	39
5898	1	39
5899	1	41
5900	1	39
5901	1	39
5902	1	39
5903	1	41
5904	1	41
5905	1	45
5906	1	41
5907	1	41
5908	1	41
5909	0	40
5910	1	41
5911	1	41
5912	1	43
5913	1	43
5914	1	43
5915	1	39
5916	1	43
5917	1	43
5918	1	37
5919	1	43
5920	1	43
5921	1	45
5922	1	41
5923	1	39
5924	1	41
5925	1	39
5926	1	37
5927	1	43
5928	1	43
5929	1	41
5930	1	41
5931	1	41
5932	1	39
5933	1	43
5934	1	45
5935	1	43
5936	1	45
5937	1	41
5938	1	45
5939	1	43
5940	1	39
5941	1	45
5942	1	37
5943	1	43
5944	1	45
5945	1	43
5946	1	39
5947	1	41
5948	1	45
5949	1	39
5950	1	43
5951	1	41
5952	1	37
5953	1	45
5954	1	39
5955	1	39
5956	1	43
5957	1	45
5958	1	41
5959	1	39
5960	1	37
5961	1	39
5962	1	43
5963	1	43
5964	1	45
5965	1	45
5966	1	41
5967	1	43
5968	1	41
5969	1	43
5970	1	39
5971	1	37
5972	1	39
5973	1	37
5974	1	39
5975	1	41
5976	1	41
5977	1	43
5978	1	45
5979	1	41
5980	1	41
5981	1	41
5982	1	41
5983	1	43
5984	1	41
5985	1	39
5986	1	37
5987	1	35
5988	1	43
5989	1	45
5990	1	37
5991	1	41
5992	1	39
5993	1	39
5994	1	37
5995	1	43
5996	1	39
5997	1	37
5998	1	43
5999	1	43
6000	1	45
6001	1	41
6002	1	43
6003	1	45
6004	1	43
6005	1	45
6006	1	41
6007	1	43
6008	1	41
6009	1	41
6010	1	37
6011	1	39
6012	1	43
6013	1	37
6014	1	37
6015	1	41
6016	1	43
6017	1	45
6018	1	45
6019	1	41
6020	1	41
6021	1	41
6022	1	43
6023	1	39
6024	1	43
6025	1	41
6026	1	39
6027	1	43
6028	1	37
6029	1	35
6030	1	43
6031	1	39
6032	1	39
6033	1	37
6034	1	45
6035	1	41
6036	1	43
6037	1	45
6038	1	41
6039	1	45
6040	1	45
6041	1	41
6042	1	43
6043	1	41
6044	1	43
6045	1	41
6046	1	47
6047	1	43
6048	1	41
6049	1	39
6050	1	41
6051	1	41
6052	1	33
6053	1	39
6054	1	47
6055	1	47
6056	1	41
6057	1	39
6058	1	43
6059	1	39
6060	1	39
6061	1	39
6062	1	39
6063	1	41
6064	1	43
6065	1	39
6066	1	43
6067	1	45
6068	1	45
6069	1	41
6070	1	43
6071	1	43
6072	1	41
6073	1	45
6074	1	43
6075	1	43
6076	1	41
6077	1	39
6078	1	41
6079	1	43
6080	1	33
6081	1	45
6082	1	45
6083	1	41
6084	1	41
6085	1	43
6086	1	41
6087	1	39
6088	1	41
6089	1	39
6090	1	39
6091	1	39
6092	1	37
6093	1	41
6094	1	35
6095	1	41
6096	1	39
6097	1	41
6098	1	45
6099	1	43
6100	1	39
6101	1	41
6102	1	39
6103	1	45
6104	1	45
6105	1	43
6106	1	43
6107	1	41
6108	1	41
6109	1	39
6110	1	39
6111	1	35
6112	1	37
6113	1	43
6114	1	37
6115	1	43
6116	1	43
6117	1	41
6118	1	41
6119	1	39
6120	1	41
6121	1	37
6122	1	41
6123	1	37
6124	1	41
6125	1	45
6126	1	45
6127	1	39
6128	1	41
6129	1	43
6130	1	41
6131	1	39
6132	1	43
6133	1	41
6134	1	41
6135	1	41
6136	1	41
6137	1	43
6138	1	39
6139	1	37
6140	1	43
6141	1	39
6142	1	37
6143	1	39
6144	1	45
6145	1	39
6146	1	43
6147	1	43
6148	1	41
6149	1	47
6150	1	43
6151	1	43
6152	1	39
6153	1	43
6154	1	41
6155	1	45
6156	1	35
6157	1	41
6158	1	45
6159	1	39
6160	1	45
6161	1	43
6162	1	41
6163	1	41
6164	1	39
6165	1	41
6166	1	43
6167	1	43
6168	1	43
6169	1	39
6170	1	41
6171	1	39
6172	1	47
6173	1	41
6174	1	45
6175	1	39
6176	1	41
6177	1	43
6178	1	41
6179	1	45
6180	1	39
6181	1	39
6182	1	41
6183	1	43
6184	1	45
6185	1	35
6186	1	41
6187	1	41
6188	1	43
6189	1	39
6190	1	41
6191	1	43
6192	1	41
6193	1	39
6194	1	41
6195	1	39
6196	1	41
6197	1	47
6198	1	41
6199	1	39
6200	1	43
6201	1	39
6202	1	39
6203	1	41
6204	1	45
6205	1	45
6206	1	41
6207	1	45
6208	1	43
6209	1	43
6210	1	35
6211	1	41
6212	1	39
6213	1	39
6214	1	41
6215	1	37
6216	1	43
6217	1	41
6218	1	45
6219	1	35
6220	1	45
6221	1	41
6222	1	39
6223	1	43
6224	1	45
6225	1	43
6226	1	39
6227	1	41
6228	1	45
6229	1	39
6230	1	43
6231	1	37
6232	1	43
6233	1	43
6234	1	45
6235	1	43
6236	1	43
6237	1	39
6238	1	43
6239	1	45
6240	1	39
6241	1	41
6242	1	37
6243	1	43
6244	1	43
6245	1	41
6246	1	37
6247	1	45
6248	1	41
6249	1	45
6250	1	45
6251	1	37
6252	1	41
6253	1	37
6254	1	45
6255	1	43
6256	1	41
6257	1	39
6258	1	47
6259	1	45
6260	1	43
6261	1	41
6262	1	43
6263	1	43
6264	1	39
6265	1	41
6266	1	45
6267	1	39
6268	1	39
6269	1	39
6270	1	39
6271	1	41
6272	1	41
6273	1	41
6274	1	35
6275	1	39
6276	1	39
6277	1	43
6278	1	43
6279	1	39
6280	1	43
6281	1	41
6282	1	43
6283	1	37
6284	1	39
6285	1	39
6286	1	43
6287	1	41
6288	1	41
6289	1	45
6290	1	43
6291	1	39
6292	1	41
6293	1	39
6294	1	41
6295	1	43
6296	1	41
6297	0	46
6298	1	43
6299	1	41
6300	1	41
6301	1	43
6302	1	45
6303	1	41
6304	1	37
6305	1	39
6306	1	39
6307	1	41
6308	1	37
6309	1	41
6310	1	41
6311	1	43
6312	1	39
6313	1	41
6314	1	43
6315	1	43
6316	1	43
6317	1	41
6318	1	39
6319	1	43
6320	1	39
6321	1	43
6322	1	35
6323	1	39
6324	1	39
6325	1	43
6326	1	43
6327	1	37
6328	1	39
6329	1	39
6330	1	37
6331	0	44
6332	1	43
6333	1	43
6334	1	41
6335	1	39
6336	1	37
6337	1	43
6338	1	39
6339	1	35
6340	1	41
6341	1	43
6342	1	37
6343	1	41
6344	1	43
6345	1	35
6346	1	45
6347	1	39
6348	1	39
6349	1	43
6350	1	39
6351	1	41
6352	1	43
6353	1	45
6354	1	43
6355	1	39
6356	1	43
6357	1	39
6358	1	41
6359	1	43
6360	1	45
6361	1	47
6362	1	35
6363	1	45
6364	1	41
6365	1	41
6366	1	45
6367	1	39
6368	1	45
6369	1	39
6370	1	39
6371	1	39
6372	1	43
6373	1	43
6374	1	37
6375	1	41
6376	1	37
6377	1	39
6378	0	44
6379	1	45
6380	1	33
6381	1	43
6382	1	39
6383	1	41
6384	1	43
6385	1	41
6386	1	45
6387	1	45
6388	1	43
6389	1	39
6390	1	43
6391	1	43
6392	1	37
6393	1	39
6394	1	41
6395	1	43
6396	1	39
6397	1	43
6398	1	39
6399	1	43
6400	1	39
6401	1	35
6402	1	45
6403	1	47
6404	1	45
6405	1	45
6406	1	43
6407	1	37
6408	1	45
6409	1	45
6410	1	39
6411	1	39
6412	1	45
6413	1	41
6414	1	39
6415	1	43
6416	1	41
6417	1	41
6418	1	39
6419	1	41
6420	1	41
6421	1	37
6422	0	42
6423	1	43
6424	1	39
6425	1	39
6426	1	39
6427	1	37
6428	1	43
6429	1	43
6430	1	37
6431	1	43
6432	1	35
6433	1	41
6434	1	41
6435	1	43
6436	1	45
6437	1	35
6438	1	43
6439	1	37
6440	1	37
6441	1	37
6442	1	39
6443	1	39
6444	1	41
6445	1	39
6446	1	37
6447	1	45
6448	1	39
6449	1	41
6450	1	43
6451	1	43
6452	1	37
6453	1	37
6454	1	43
6455	1	45
6456	1	43
6457	1	41
6458	1	41
6459	1	39
6460	1	39
6461	1	43
6462	1	43
6463	1	41
6464	1	41
6465	1	37
6466	1	41
6467	1	37
6468	1	41
6469	1	39
6470	1	43
6471	1	45
6472	1	41
6473	1	37
6474	1	39
6475	1	41
6476	1	41
6477	1	37
6478	1	43
6479	1	41
6480	1	43
6481	1	39
6482	1	43
6483	1	37
6484	1	39
6485	1	39
6486	1	37
6487	1	43
6488	1	41
6489	1	45
6490	1	39
6491	1	43
6492	1	45
6493	1	41
6494	1	39
6495	1	39
6496	1	37
6497	1	35
6498	1	39
6499	1	43
6500	1	37
6501	1	39
6502	1	43
6503	1	41
6504	1	39
6505	1	39
6506	1	45
6507	1	43
6508	1	41
6509	1	41
6510	1	41
6511	1	43
6512	1	43
6513	1	37
6514	1	41
6515	1	41
6516	1	41
6517	1	39
6518	1	43
6519	1	43
6520	0	46
6521	1	43
6522	1	37
6523	1	37
6524	1	39
6525	1	43
6526	1	39
6527	1	43
6528	1	35
6529	1	43
6530	1	37
6531	1	37
6532	1	41
6533	1	41
6534	1	43
6535	1	41
6536	1	41
6537	1	37
6538	1	37
6539	1	41
6540	1	41
6541	1	45
6542	1	41
6543	1	41
6544	1	43
6545	1	41
6546	1	39
6547	1	39
6548	1	41
6549	1	43
6550	1	41
6551	1	41
6552	1	43
6553	1	41
6554	1	39
6555	1	41
6556	1	45
6557	1	39
6558	1	37
6559	1	41
6560	1	41
6561	1	39
6562	1	41
6563	1	41
6564	1	39
6565	1	37
6566	1	41
6567	1	47
6568	1	37
6569	1	39
6570	1	43
6571	1	45
6572	1	39
6573	1	43
6574	1	39
6575	1	39
6576	1	35
6577	1	41
6578	1	41
6579	1	37
6580	1	37
6581	1	37
6582	1	41
6583	1	35
6584	1	45
6585	1	41
6586	1	37
6587	1	37
6588	1	39
6589	1	43
6590	1	43
6591	1	39
6592	1	45
6593	1	43
6594	1	37
6595	1	37
6596	1	41
6597	1	39
6598	1	39
6599	1	43
6600	1	41
6601	1	41
6602	1	39
6603	1	37
6604	1	43
6605	1	43
6606	1	39
6607	1	37
6608	1	45
6609	1	39
6610	1	39
6611	1	43
6612	1	37
6613	1	43
6614	1	41
6615	1	43
6616	1	37
6617	1	43
6618	1	45
6619	1	43
6620	1	39
6621	1	43
6622	1	45
6623	1	37
6624	1	43
6625	1	37
6626	1	43
6627	1	41
6628	1	35
6629	1	39
6630	1	39
6631	1	43
6632	1	43
6633	1	43
6634	1	45
6635	1	43
6636	1	45
6637	1	35
6638	1	43
6639	1	37
6640	1	43
6641	1	43
6642	1	45
6643	1	41
6644	1	39
6645	1	45
6646	1	45
6647	1	43
6648	1	35
6649	1	43
6650	1	41
6651	1	37
6652	1	41
6653	1	43
6654	1	41
6655	1	41
6656	1	43
6657	1	43
6658	1	39
6659	1	41
6660	1	45
6661	1	43
6662	1	39
6663	1	43
6664	1	41
6665	1	45
6666	1	43
6667	1	41
6668	1	45
6669	1	37
6670	1	41
6671	1	45
6672	1	41
6673	1	41
6674	1	39
6675	1	41
6676	1	43
6677	1	41
6678	1	45
6679	1	39
6680	1	43
6681	1	43
6682	1	39
6683	1	41
6684	1	43
6685	1	43
6686	1	37
6687	1	39
6688	1	43
6689	1	39
6690	1	47
6691	1	41
6692	1	39
6693	1	43
6694	1	41
6695	1	39
6696	1	43
6697	1	43
6698	1	35
6699	1	41
6700	1	43
6701	1	43
6702	1	47
6703	1	43
6704	1	41
6705	1	39
6706	1	37
6707	1	39
6708	1	45
6709	1	39
6710	1	41
6711	1	39
6712	1	39
6713	1	45
6714	1	41
6715	1	41
6716	1	41
6717	1	39
6718	1	43
6719	1	43
6720	1	43
6721	1	43
6722	1	39
6723	1	41
6724	1	41
6725	1	43
6726	1	35
6727	1	35
6728	1	39
6729	1	43
6730	1	41
6731	1	43
6732	1	45
6733	1	41
6734	1	43
6735	1	41
6736	1	43
6737	1	43
6738	1	37
6739	1	45
6740	1	41
6741	1	43
6742	1	39
6743	1	41
6744	1	45
6745	1	37
6746	1	39
6747	1	39
6748	1	39
6749	1	43
6750	1	37
6751	1	43
6752	1	41
6753	1	41
6754	1	41
6755	1	39
6756	1	39
6757	1	43
6758	1	41
6759	1	45
6760	1	39
6761	1	43
6762	1	43
6763	1	41
6764	1	41
6765	1	45
6766	1	39
6767	1	41
6768	1	39
6769	1	43
6770	1	43
6771	1	45
6772	1	43
6773	1	41
6774	1	41
6775	1	41
6776	1	35
6777	1	45
6778	1	45
6779	1	39
6780	1	41
6781	1	43
6782	1	43
6783	1	43
6784	1	41
6785	1	41
6786	1	43
6787	1	43
6788	1	45
6789	1	43
6790	1	45
6791	1	41
6792	1	41
6793	1	37
6794	1	43
6795	1	39
6796	1	35
6797	1	41
6798	1	39
6799	1	37
6800	1	41
6801	1	37
6802	1	39
6803	1	43
6804	1	41
6805	0	44
6806	1	45
6807	1	43
6808	1	41
6809	1	41
6810	1	41
6811	1	45
6812	1	41
6813	1	39
6814	1	41
6815	1	41
6816	1	39
6817	1	37
6818	1	41
6819	1	47
6820	1	41
6821	1	39
6822	1	37
6823	1	41
6824	1	39
6825	1	39
6826	1	39
6827	1	41
6828	1	47
6829	1	39
6830	1	43
6831	1	43
6832	1	41
6833	1	41
6834	1	43
6835	1	39
6836	1	41
6837	0	42
6838	1	39
6839	1	41
6840	1	39
6841	1	41
6842	1	43
6843	1	41
6844	1	45
6845	1	43
6846	1	41
6847	1	39
6848	1	41
6849	1	39
6850	1	35
6851	1	41
6852	1	47
6853	1	39
6854	1	37
6855	1	41
6856	1	35
6857	1	37
6858	1	43
6859	1	43
6860	1	43
6861	1	43
6862	1	41
6863	1	39
6864	1	43
6865	1	43
6866	1	45
6867	1	41
6868	1	41
6869	1	41
6870	1	37
6871	1	41
6872	1	39
6873	1	45
6874	1	39
6875	1	41
6876	1	43
6877	1	39
6878	1	43
6879	0	40
6880	1	41
6881	1	35
6882	1	41
6883	1	45
6884	1	45
6885	1	33
6886	1	45
6887	1	35
6888	1	41
6889	1	43
6890	1	39
6891	1	41
6892	1	39
6893	1	45
6894	1	37
6895	1	39
6896	1	41
6897	1	41
6898	1	41
6899	1	41
6900	1	41
6901	1	45
6902	1	43
6903	1	45
6904	1	43
6905	1	37
6906	1	43
6907	1	39
6908	1	39
6909	1	41
6910	1	37
6911	1	37
6912	1	43
6913	1	45
6914	1	35
6915	1	41
6916	1	41
6917	1	43
6918	1	41
6919	1	41
6920	1	39
6921	1	41
6922	1	41
6923	1	41
6924	1	39
6925	1	39
6926	1	41
6927	1	39
6928	1	39
6929	1	41
6930	1	39
6931	1	41
6932	1	41
6933	1	39
6934	1	43
6935	1	39
6936	1	39
6937	1	41
6938	1	41
6939	1	41
6940	1	43
6941	1	45
6942	1	41
6943	1	37
6944	1	45
6945	1	43
6946	1	43
6947	1	41
6948	1	35
6949	1	39
6950	1	43
6951	1	39
6952	1	39
6953	1	41
6954	1	35
6955	1	45
6956	1	41
6957	1	39
6958	1	39
6959	1	41
6960	1	39
6961	1	43
6962	1	39
6963	1	41
6964	1	33
6965	1	39
6966	1	41
6967	1	41
6968	1	39
6969	1	37
6970	1	41
6971	1	45
6972	1	41
6973	1	39
6974	1	43
6975	1	43
6976	1	41
6977	1	41
6978	1	37
6979	1	37
6980	1	43
6981	1	41
6982	1	41
6983	1	37
6984	1	39
6985	1	39
6986	1	41
6987	1	41
6988	1	37
6989	1	41
6990	1	39
6991	1	43
6992	1	45
6993	1	47
6994	1	37
6995	1	41
6996	1	45
6997	1	41
6998	1	41
6999	1	39
7000	1	37
7001	0	44
7002	1	41
7003	1	41
7004	1	37
7005	1	39
7006	1	45
7007	1	43
7008	1	43
7009	1	37
7010	1	39
7011	1	45
7012	1	41
7013	1	41
7014	1	41
7015	1	45
7016	1	43
7017	1	43
7018	1	43
7019	1	39
7020	1	41
7021	1	43
7022	1	39
7023	1	41
7024	1	39
7025	1	39
7026	1	41
7027	1	39
7028	0	44
7029	1	45
7030	1	41
7031	1	45
7032	1	45
7033	1	43
7034	1	47
7035	1	37
7036	1	39
7037	1	37
7038	1	43
7039	1	39
7040	1	43
7041	1	43
7042	1	45
7043	1	39
7044	1	41
7045	1	41
7046	1	43
7047	1	39
7048	1	45
7049	1	37
7050	1	39
7051	1	45
7052	1	39
7053	1	45
7054	1	41
7055	1	41
7056	1	39
7057	1	39
7058	1	39
7059	1	39
7060	1	47
7061	1	41
7062	1	41
7063	1	39
7064	1	47
7065	1	41
7066	1	37
7067	1	41
7068	1	45
7069	1	37
7070	1	41
7071	1	41
7072	1	43
7073	1	37
7074	1	41
7075	1	43
7076	1	39
7077	1	41
7078	1	41
7079	1	39
7080	1	45
7081	1	37
7082	1	39
7083	1	35
7084	1	47
7085	1	39
7086	1	41
7087	1	43
7088	1	41
7089	1	43
7090	1	39
7091	1	43
7092	1	47
7093	1	45
7094	1	41
7095	1	39
7096	1	37
7097	1	41
7098	1	45
7099	1	35
7100	1	39
7101	1	43
7102	1	47
7103	1	39
7104	1	39
7105	1	37
7106	1	47
7107	1	47
7108	1	45
7109	1	39
7110	1	39
7111	1	41
7112	1	43
7113	1	41
7114	1	43
7115	1	39
7116	1	41
7117	1	35
7118	1	41
7119	1	39
7120	1	41
7121	1	41
7122	1	43
7123	1	41
7124	1	39
7125	1	39
7126	1	43
7127	1	41
7128	1	47
7129	1	37
7130	1	41
7131	1	43
7132	1	41
7133	1	39
7134	1	39
7135	1	39
7136	1	45
7137	1	39
7138	1	45
7139	1	41
7140	1	41
7141	1	45
7142	1	47
7143	1	41
7144	1	43
7145	1	45
7146	1	39
7147	1	37
7148	1	39
7149	1	43
7150	1	45
7151	1	47
7152	1	45
7153	1	41
7154	1	41
7155	1	45
7156	1	39
7157	1	41
7158	1	35
7159	1	41
7160	1	39
7161	1	37
7162	1	41
7163	1	37
7164	1	43
7165	1	39
7166	1	43
7167	1	43
7168	1	41
7169	1	39
7170	1	39
7171	1	39
7172	1	43
7173	1	39
7174	1	39
7175	1	43
7176	1	43
7177	1	47
7178	1	49
7179	1	43
7180	1	43
7181	1	39
7182	1	39
7183	1	39
7184	1	41
7185	1	39
7186	1	39
7187	1	39
7188	1	39
7189	1	43
7190	1	39
7191	1	37
7192	1	41
7193	1	43
7194	1	45
7195	1	45
7196	1	41
7197	1	41
7198	1	39
7199	1	39
7200	1	45
7201	1	41
7202	1	39
7203	1	43
7204	1	43
7205	1	37
7206	1	43
7207	1	41
7208	1	41
7209	1	39
7210	1	41
7211	1	39
7212	1	45
7213	1	41
7214	1	37
7215	1	39
7216	1	39
7217	1	47
7218	1	41
7219	1	41
7220	1	45
7221	1	39
7222	1	41
7223	1	39
7224	1	41
7225	1	47
7226	0	44
7227	1	41
7228	0	42
7229	1	41
7230	1	39
7231	1	41
7232	1	39
7233	1	41
7234	1	39
7235	1	37
7236	1	39
7237	1	45
7238	1	41
7239	1	41
7240	1	37
7241	1	41
7242	1	39
7243	1	45
7244	1	35
7245	1	41
7246	1	43
7247	1	35
7248	1	45
7249	1	45
7250	1	41
7251	1	37
7252	1	39
7253	1	41
7254	1	45
7255	1	39
7256	1	37
7257	1	35
7258	1	43
7259	1	39
7260	1	39
7261	1	41
7262	1	41
7263	1	39
7264	1	43
7265	1	39
7266	1	47
7267	1	39
7268	1	45
7269	1	41
7270	1	39
7271	1	43
7272	1	43
7273	1	43
7274	1	39
7275	1	41
7276	1	41
7277	1	37
7278	1	39
7279	1	39
7280	1	41
7281	1	41
7282	1	41
7283	1	45
7284	1	39
7285	1	41
7286	1	45
7287	1	41
7288	1	41
7289	1	43
7290	1	43
7291	1	47
7292	1	39
7293	1	43
7294	1	41
7295	1	39
7296	1	43
7297	1	39
7298	1	37
7299	1	41
7300	1	37
7301	1	39
7302	1	37
7303	1	39
7304	1	43
7305	1	41
7306	1	43
7307	1	41
7308	1	39
7309	1	43
7310	1	43
7311	1	41
7312	1	45
7313	1	41
7314	1	39
7315	1	37
7316	1	39
7317	1	45
7318	1	47
7319	1	39
7320	1	41
7321	1	39
7322	1	43
7323	1	37
7324	1	37
7325	1	37
7326	1	47
7327	1	41
7328	1	41
7329	1	41
7330	1	39
7331	1	37
7332	1	41
7333	1	39
7334	1	37
7335	1	47
7336	1	43
7337	1	45
7338	1	41
7339	1	43
7340	1	45
7341	1	41
7342	1	39
7343	1	43
7344	1	39
7345	1	39
7346	1	37
7347	1	35
7348	1	37
7349	1	39
7350	1	43
7351	1	41
7352	1	43
7353	1	41
7354	1	39
7355	1	39
7356	1	45
7357	1	39
7358	1	43
7359	1	43
7360	1	35
7361	1	37
7362	1	37
7363	1	41
7364	1	37
7365	1	43
7366	1	43
7367	1	45
7368	1	45
7369	1	39
7370	1	43
7371	1	43
7372	1	39
7373	1	43
7374	1	39
7375	1	41
7376	1	39
7377	1	39
7378	1	39
7379	1	41
7380	1	37
7381	1	35
7382	1	39
7383	1	41
7384	0	44
7385	1	37
7386	1	37
7387	1	41
7388	1	47
7389	1	41
7390	1	45
7391	1	47
7392	1	41
7393	1	43
7394	1	43
7395	1	41
7396	1	43
7397	1	43
7398	1	43
7399	1	47
7400	1	41
7401	1	43
7402	1	47
7403	1	35
7404	1	45
7405	1	41
7406	0	46
7407	1	41
7408	1	45
7409	1	43
7410	1	43
7411	1	39
7412	1	43
7413	1	43
7414	1	39
7415	1	37
7416	1	47
7417	1	45
7418	1	37
7419	1	39
7420	1	43
7421	1	39
7422	1	37
7423	1	39
7424	1	43
7425	1	43
7426	1	39
7427	1	47
7428	1	39
7429	1	45
7430	1	39
7431	1	43
7432	1	43
7433	1	43
7434	1	47
7435	1	35
7436	1	45
7437	1	35
7438	1	35
7439	1	37
7440	1	43
7441	1	39
7442	1	33
7443	1	39
7444	1	41
7445	1	41
7446	1	45
7447	1	41
7448	1	39
7449	1	37
7450	1	45
7451	1	35
7452	1	45
7453	1	41
7454	1	41
7455	1	43
7456	1	41
7457	1	41
7458	1	41
7459	1	43
7460	1	39
7461	1	41
7462	1	35
7463	1	41
7464	1	45
7465	1	43
7466	1	39
7467	1	41
7468	0	46
7469	1	41
7470	1	41
7471	1	41
7472	1	45
7473	1	41
7474	1	39
7475	1	43
7476	1	41
7477	1	39
7478	1	41
7479	1	35
7480	1	43
7481	1	37
7482	1	39
7483	1	37
7484	1	39
7485	1	43
7486	1	43
7487	1	43
7488	1	43
7489	1	39
7490	1	39
7491	1	37
7492	1	45
7493	1	41
7494	1	41
7495	1	45
7496	1	41
7497	1	47
7498	1	39
7499	1	39
7500	1	43
7501	1	43
7502	1	37
7503	1	39
7504	1	45
7505	1	45
7506	1	39
7507	1	43
7508	1	39
7509	1	39
7510	1	39
7511	1	41
7512	1	39
7513	1	35
7514	1	43
7515	1	39
7516	1	41
7517	1	39
7518	1	37
7519	1	35
7520	1	39
7521	1	39
7522	1	41
7523	1	37
7524	1	39
7525	1	39
7526	1	43
7527	1	43
7528	1	41
7529	1	47
7530	1	39
7531	1	41
7532	1	43
7533	1	41
7534	1	41
7535	1	41
7536	1	41
7537	1	41
7538	1	41
7539	1	45
7540	1	39
7541	1	43
7542	1	39
7543	1	41
7544	1	41
7545	1	43
7546	1	45
7547	1	35
7548	1	41
7549	1	41
7550	1	47
7551	1	43
7552	1	43
7553	1	41
7554	1	39
7555	1	45
7556	1	39
7557	1	41
7558	1	45
7559	1	37
7560	1	33
7561	1	37
7562	1	43
7563	1	45
7564	1	43
7565	1	39
7566	1	35
7567	1	35
7568	1	41
7569	1	43
7570	1	41
7571	0	46
7572	1	39
7573	1	37
7574	1	41
7575	1	43
7576	1	41
7577	1	43
7578	1	41
7579	1	41
7580	1	45
7581	1	41
7582	1	37
7583	1	43
7584	1	43
7585	1	45
7586	1	41
7587	1	39
7588	1	39
7589	1	45
7590	1	37
7591	1	37
7592	1	43
7593	1	43
7594	1	37
7595	1	43
7596	1	39
7597	1	43
7598	1	39
7599	1	39
7600	1	45
7601	1	43
7602	1	39
7603	1	43
7604	1	45
7605	1	43
7606	1	43
7607	1	47
7608	1	41
7609	1	39
7610	1	41
7611	1	45
7612	1	43
7613	1	39
7614	1	41
7615	1	43
7616	1	43
7617	1	37
7618	1	41
7619	1	39
7620	1	37
7621	1	43
7622	1	39
7623	1	37
7624	1	39
7625	1	35
7626	1	41
7627	1	39
7628	1	39
7629	1	41
7630	1	45
7631	1	43
7632	1	39
7633	1	35
7634	1	39
7635	1	41
7636	1	39
7637	1	39
7638	1	39
7639	1	41
7640	1	37
7641	1	41
7642	1	43
7643	1	41
7644	1	37
7645	1	41
7646	1	37
7647	1	41
7648	1	43
7649	1	39
7650	1	41
7651	1	41
7652	1	41
7653	1	41
7654	1	41
7655	1	43
7656	1	43
7657	1	39
7658	1	39
7659	1	45
7660	1	45
7661	1	45
7662	1	43
7663	1	45
7664	1	43
7665	1	41
7666	1	43
7667	1	39
7668	1	37
7669	1	45
7670	1	43
7671	1	41
7672	1	35
7673	1	39
7674	1	43
7675	1	41
7676	1	39
7677	1	41
7678	1	39
7679	1	41
7680	1	43
7681	1	37
7682	1	47
7683	1	41
7684	1	45
7685	1	37
7686	1	37
7687	1	39
7688	1	39
7689	1	41
7690	1	39
7691	1	37
7692	1	39
7693	1	35
7694	1	37
7695	1	37
7696	1	47
7697	1	41
7698	1	37
7699	1	41
7700	1	43
7701	1	43
7702	1	45
7703	1	43
7704	1	41
7705	1	41
7706	1	37
7707	1	39
7708	1	41
7709	1	37
7710	1	41
7711	0	42
7712	1	39
7713	1	39
7714	1	45
7715	1	37
7716	1	41
7717	1	41
7718	1	43
7719	1	41
7720	1	41
7721	1	37
7722	1	41
7723	1	41
7724	1	39
7725	1	39
7726	1	41
7727	1	45
7728	1	39
7729	1	37
7730	1	39
7731	1	43
7732	1	41
7733	1	41
7734	1	39
7735	1	41
7736	1	45
7737	1	39
7738	1	43
7739	1	37
7740	1	39
7741	1	45
7742	1	41
7743	1	43
7744	1	37
7745	1	37
7746	1	43
7747	1	39
7748	1	39
7749	1	45
7750	1	43
7751	1	39
7752	1	39
7753	1	41
7754	1	41
7755	1	43
7756	1	37
7757	1	45
7758	1	39
7759	1	41
7760	1	39
7761	1	37
7762	1	45
7763	1	39
7764	1	39
7765	1	37
7766	1	47
7767	1	45
7768	1	39
7769	1	37
7770	1	41
7771	1	37
7772	1	43
7773	1	37
7774	1	43
7775	1	43
7776	1	43
7777	1	43
7778	1	35
7779	1	39
7780	1	37
7781	1	45
7782	1	39
7783	1	41
7784	1	35
7785	1	41
7786	1	43
7787	1	41
7788	1	37
7789	1	39
7790	1	39
7791	1	39
7792	1	41
7793	1	41
7794	1	41
7795	1	37
7796	1	39
7797	1	41
7798	1	37
7799	1	39
7800	1	45
7801	1	37
7802	1	39
7803	1	45
7804	1	39
7805	1	37
7806	1	39
7807	1	45
7808	1	37
7809	1	43
7810	1	37
7811	1	43
7812	1	41
7813	1	41
7814	1	41
7815	1	43
7816	1	43
7817	1	41
7818	1	43
7819	1	41
7820	1	39
7821	1	43
7822	1	43
7823	1	41
7824	1	37
7825	1	43
7826	1	39
7827	1	39
7828	1	41
7829	1	45
7830	1	43
7831	1	39
7832	1	43
7833	1	41
7834	1	43
7835	1	37
7836	1	39
7837	1	43
7838	1	41
7839	1	39
7840	1	41
7841	1	41
7842	1	41
7843	1	45
7844	1	37
7845	1	39
7846	1	39
7847	1	47
7848	1	47
7849	1	39
7850	1	41
7851	1	37
7852	1	37
7853	1	47
7854	1	35
7855	1	43
7856	1	37
7857	1	39
7858	1	43
7859	1	45
7860	1	39
7861	1	37
7862	1	43
7863	1	43
7864	1	35
7865	1	43
7866	1	43
7867	1	43
7868	1	39
7869	1	43
7870	1	39
7871	1	39
7872	1	41
7873	1	39
7874	1	41
7875	1	47
7876	1	41
7877	1	39
7878	1	45
7879	1	37
7880	1	41
7881	1	41
7882	1	39
7883	1	39
7884	1	41
7885	1	43
7886	1	41
7887	1	41
7888	1	39
7889	1	41
7890	1	41
7891	1	45
7892	1	45
7893	1	39
7894	1	43
7895	1	43
7896	1	41
7897	1	43
7898	1	45
7899	1	39
7900	1	41
7901	1	43
7902	1	39
7903	1	39
7904	1	41
7905	1	41
7906	1	43
7907	1	41
7908	1	41
7909	1	43
7910	1	41
7911	1	45
7912	1	45
7913	1	41
7914	1	37
7915	1	37
7916	1	39
7917	1	41
7918	1	41
7919	1	43
7920	1	35
7921	1	39
7922	1	45
7923	1	43
7924	1	43
7925	1	43
7926	1	41
7927	1	43
7928	1	45
7929	1	43
7930	1	43
7931	1	43
7932	1	37
7933	1	41
7934	1	43
7935	1	43
7936	1	43
7937	1	41
7938	1	43
7939	1	43
7940	1	41
7941	1	45
7942	1	41
7943	1	41
7944	1	39
7945	1	45
7946	1	41
7947	1	43
7948	1	41
7949	1	43
7950	1	37
7951	1	45
7952	1	41
7953	1	41
7954	1	41
7955	1	43
7956	1	41
7957	1	43
7958	1	43
7959	1	43
7960	1	41
7961	1	45
7962	1	43
7963	1	41
7964	1	41
7965	1	41
7966	1	37
7967	1	41
7968	1	45
7969	1	43
7970	1	41
7971	1	41
7972	1	39
7973	1	41
7974	1	45
7975	1	41
7976	1	43
7977	1	41
7978	1	41
7979	1	37
7980	1	39
7981	1	43
7982	1	41
7983	1	41
7984	1	37
7985	1	39
7986	1	37
7987	1	41
7988	1	39
7989	1	37
7990	1	39
7991	1	43
7992	1	39
7993	1	41
7994	1	41
7995	1	45
7996	1	39
7997	1	43
7998	1	45
7999	1	45
8000	1	35
8001	1	37
8002	1	37
8003	1	41
8004	1	43
8005	1	43
8006	1	43
8007	1	41
8008	1	39
8009	1	39
8010	1	45
8011	1	39
8012	1	43
8013	1	39
8014	1	43
8015	1	39
8016	1	41
8017	1	39
8018	1	39
8019	1	41
8020	1	41
8021	1	37
8022	1	41
8023	1	41
8024	1	39
8025	1	41
8026	1	37
8027	1	47
8028	1	39
8029	0	40
8030	1	37
8031	1	37
8032	1	43
8033	1	41
8034	1	37
8035	1	39
8036	1	43
8037	1	41
8038	1	41
8039	1	43
8040	1	41
8041	1	39
8042	1	43
8043	1	37
8044	1	45
8045	1	37
8046	1	41
8047	1	43
8048	1	41
8049	1	43
8050	1	37
8051	1	41
8052	1	39
8053	1	39
8054	1	35
8055	1	39
8056	1	39
8057	1	37
8058	1	43
8059	1	39
8060	1	35
8061	1	39
8062	1	37
8063	1	43
8064	1	39
8065	1	41
8066	1	43
8067	1	43
8068	1	43
8069	1	37
8070	1	39
8071	1	39
8072	1	39
8073	1	41
8074	1	41
8075	1	41
8076	1	41
8077	1	41
8078	1	47
8079	1	39
8080	1	43
8081	1	37
8082	1	41
8083	1	43
8084	1	39
8085	1	43
8086	1	47
8087	1	45
8088	1	41
8089	1	37
8090	1	41
8091	1	41
8092	1	37
8093	1	41
8094	1	39
8095	1	37
8096	1	45
8097	1	37
8098	1	41
8099	1	43
8100	1	43
8101	1	43
8102	1	43
8103	1	43
8104	1	39
8105	1	45
8106	1	43
8107	1	43
8108	1	43
8109	1	41
8110	1	39
8111	1	37
8112	1	43
8113	1	41
8114	1	37
8115	1	43
8116	1	37
8117	1	39
8118	1	41
8119	1	47
8120	1	39
8121	1	39
8122	1	39
8123	1	39
8124	1	43
8125	1	37
8126	1	47
8127	1	39
8128	1	39
8129	1	39
8130	1	41
8131	1	39
8132	1	37
8133	1	45
8134	1	39
8135	1	43
8136	1	45
8137	1	39
8138	1	37
8139	1	37
8140	1	37
8141	1	37
8142	0	42
8143	1	45
8144	1	41
8145	1	43
8146	1	43
8147	1	45
8148	1	39
8149	1	45
8150	1	41
8151	1	39
8152	1	39
8153	1	45
8154	1	35
8155	1	39
8156	1	39
8157	1	43
8158	1	41
8159	1	43
8160	1	39
8161	1	41
8162	1	41
8163	1	43
8164	1	41
8165	1	41
8166	1	37
8167	1	39
8168	1	43
8169	1	41
8170	1	39
8171	1	39
8172	1	43
8173	1	43
8174	1	43
8175	1	39
8176	1	37
8177	1	41
8178	1	41
8179	1	45
8180	1	43
8181	1	37
8182	1	35
8183	1	41
8184	1	41
8185	1	41
8186	1	39
8187	1	43
8188	1	41
8189	1	39
8190	1	41
8191	1	41
8192	1	41
8193	1	39
8194	1	37
8195	1	39
8196	1	41
8197	1	41
8198	1	43
8199	1	45
8200	1	41
8201	1	45
8202	1	39
8203	1	41
8204	1	45
8205	1	43
8206	1	41
8207	1	43
8208	1	41
8209	1	37
8210	1	39
8211	1	41
8212	1	41
8213	1	39
8214	1	41
8215	1	45
8216	1	39
8217	1	39
8218	1	43
8219	1	43
8220	0	44
8221	1	41
8222	1	43
8223	1	41
8224	1	39
8225	1	41
8226	1	43
8227	1	39
8228	1	41
8229	1	41
8230	1	43
8231	1	41
8232	1	39
8233	1	41
8234	1	41
8235	1	35
8236	1	45
8237	1	43
8238	1	43
8239	1	43
8240	1	43
8241	1	41
8242	1	43
8243	1	45
8244	1	39
8245	1	43
8246	1	41
8247	1	41
8248	1	39
8249	1	37
8250	1	43
8251	1	45
8252	1	47
8253	1	41
8254	1	41
8255	1	39
8256	1	43
8257	1	45
8258	1	41
8259	1	41
8260	1	41
8261	1	43
8262	1	43
8263	1	41
8264	1	35
8265	1	41
8266	1	45
8267	1	35
8268	1	43
8269	1	45
8270	1	45
8271	1	35
8272	1	43
8273	1	45
8274	1	43
8275	1	41
8276	1	47
8277	1	41
8278	1	41
8279	1	43
8280	1	41
8281	1	43
8282	1	37
8283	1	43
8284	1	41
8285	1	43
8286	1	39
8287	1	39
8288	1	39
8289	1	39
8290	1	39
8291	1	37
8292	1	39
8293	1	37
8294	1	37
8295	1	43
8296	1	43
8297	1	43
8298	1	39
8299	1	45
8300	1	41
8301	1	39
8302	1	45
8303	1	35
8304	1	39
8305	1	39
8306	1	41
8307	1	35
8308	1	39
8309	1	39
8310	1	43
8311	1	37
8312	1	39
8313	1	39
8314	1	45
8315	1	37
8316	1	45
8317	1	45
8318	1	43
8319	1	43
8320	1	39
8321	1	43
8322	1	41
8323	1	41
8324	1	41
8325	1	41
8326	1	43
8327	1	39
8328	1	39
8329	1	35
8330	1	43
8331	1	41
8332	1	41
8333	1	43
8334	1	41
8335	1	35
8336	1	43
8337	1	41
8338	1	39
8339	1	39
8340	1	43
8341	1	43
8342	1	43
8343	1	41
8344	1	37
8345	1	39
8346	1	43
8347	1	41
8348	1	41
8349	1	41
8350	1	43
8351	1	37
8352	1	41
8353	1	39
8354	1	43
8355	1	37
8356	1	43
8357	1	41
8358	1	41
8359	1	43
8360	1	37
8361	1	45
8362	1	41
8363	1	43
8364	1	37
8365	1	39
8366	1	45
8367	1	41
8368	1	39
8369	1	39
8370	1	37
8371	0	46
8372	1	41
8373	1	47
8374	1	37
8375	1	39
8376	1	45
8377	1	35
8378	1	39
8379	1	41
8380	1	37
8381	1	43
8382	1	39
8383	1	43
8384	1	37
8385	1	39
8386	1	35
8387	1	37
8388	1	35
8389	1	43
8390	1	39
8391	1	39
8392	1	45
8393	1	43
8394	1	39
8395	1	41
8396	1	45
8397	1	37
8398	1	43
8399	1	43
8400	1	41
8401	1	37
8402	1	41
8403	1	45
8404	1	41
8405	1	39
8406	1	43
8407	1	43
8408	1	37
8409	1	43
8410	1	41
8411	1	45
8412	1	45
8413	1	35
8414	1	37
8415	1	39
8416	1	45
8417	1	41
8418	1	37
8419	1	43
8420	1	39
8421	1	39
8422	1	41
8423	1	39
8424	1	43
8425	1	41
8426	1	43
8427	1	41
8428	1	43
8429	1	39
8430	1	41
8431	1	37
8432	1	43
8433	1	41
8434	1	37
8435	1	35
8436	1	45
8437	1	41
8438	1	45
8439	1	39
8440	1	41
8441	1	43
8442	1	41
8443	1	41
8444	1	39
8445	1	41
8446	1	43
8447	1	43
8448	1	37
8449	1	41
8450	1	41
8451	1	41
8452	1	43
8453	1	39
8454	1	41
8455	1	41
8456	1	43
8457	1	41
8458	1	41
8459	1	43
8460	1	41
8461	1	41
8462	1	39
8463	1	39
8464	1	45
8465	1	39
8466	1	39
8467	1	39
8468	1	45
8469	1	41
8470	1	39
8471	1	39
8472	1	43
8473	1	41
8474	1	43
8475	1	37
8476	1	35
8477	1	43
8478	1	39
8479	1	41
8480	1	41
8481	1	47
8482	1	43
8483	1	47
8484	1	41
8485	1	41
8486	1	39
8487	1	43
8488	1	41
8489	1	43
8490	1	39
8491	1	41
8492	1	43
8493	1	39
8494	1	39
8495	1	39
8496	1	47
8497	1	47
8498	1	45
8499	1	45
8500	1	39
8501	1	43
8502	1	39
8503	1	41
8504	1	43
8505	1	39
8506	1	41
8507	1	39
8508	1	45
8509	1	39
8510	1	41
8511	1	41
8512	1	37
8513	1	37
8514	1	39
8515	1	39
8516	1	41
8517	1	39
8518	1	43
8519	1	43
8520	1	39
8521	1	37
8522	1	45
8523	1	37
8524	1	43
8525	1	43
8526	1	43
8527	1	43
8528	1	39
8529	1	35
8530	1	39
8531	1	41
8532	1	39
8533	1	41
8534	1	37
8535	1	39
8536	1	41
8537	1	43
8538	1	41
8539	1	47
8540	1	39
8541	1	41
8542	1	43
8543	1	43
8544	1	43
8545	1	45
8546	1	39
8547	1	39
8548	1	37
8549	1	35
8550	1	43
8551	1	41
8552	1	43
8553	1	41
8554	1	41
8555	1	41
8556	1	43
8557	1	39
8558	1	39
8559	1	35
8560	1	45
8561	1	39
8562	1	41
8563	1	41
8564	1	35
8565	1	41
8566	1	39
8567	1	43
8568	1	39
8569	1	39
8570	1	43
8571	1	41
8572	1	41
8573	1	41
8574	1	43
8575	1	41
8576	1	41
8577	1	41
8578	1	41
8579	1	37
8580	0	42
8581	1	41
8582	1	41
8583	1	43
8584	1	39
8585	1	43
8586	1	41
8587	1	45
8588	1	39
8589	1	45
8590	1	41
8591	1	43
8592	1	41
8593	1	41
8594	1	41
8595	1	43
8596	1	43
8597	1	41
8598	1	39
8599	1	45
8600	1	45
8601	1	41
8602	1	41
8603	1	43
8604	1	41
8605	1	43
8606	1	41
8607	1	37
8608	1	43
8609	1	43
8610	1	43
8611	1	39
8612	1	43
8613	1	41
8614	1	41
8615	1	39
8616	1	37
8617	1	37
8618	1	41
8619	1	37
8620	1	43
8621	1	45
8622	1	41
8623	1	41
8624	1	41
8625	1	41
8626	1	41
8627	1	43
8628	1	41
8629	1	43
8630	1	41
8631	1	41
8632	1	41
8633	1	41
8634	1	35
8635	1	41
8636	1	35
8637	1	35
8638	1	37
8639	1	39
8640	1	45
8641	1	39
8642	1	43
8643	1	41
8644	1	37
8645	1	45
8646	1	37
8647	1	35
8648	1	35
8649	1	43
8650	1	39
8651	1	39
8652	1	43
8653	1	43
8654	1	41
8655	1	41
8656	1	39
8657	1	41
8658	1	37
8659	1	41
8660	1	47
8661	1	41
8662	1	41
8663	1	43
8664	1	43
8665	1	43
8666	1	37
8667	1	39
8668	1	43
8669	1	39
8670	1	41
8671	1	43
8672	1	43
8673	1	39
8674	1	41
8675	1	41
8676	1	43
8677	1	39
8678	1	37
8679	1	41
8680	1	47
8681	1	37
8682	1	43
8683	1	41
8684	1	41
8685	1	37
8686	1	41
8687	1	43
8688	1	39
8689	1	41
8690	1	43
8691	1	41
8692	1	39
8693	1	39
8694	1	43
8695	1	43
8696	1	39
8697	1	43
8698	1	39
8699	1	41
8700	1	45
8701	1	43
8702	1	37
8703	1	39
8704	1	41
8705	1	43
8706	1	39
8707	1	47
8708	1	39
8709	1	39
8710	1	39
8711	1	39
8712	1	41
8713	1	43
8714	1	43
8715	1	43
8716	1	39
8717	1	43
8718	1	39
8719	1	41
8720	1	37
8721	1	43
8722	1	41
8723	1	41
8724	1	41
8725	1	41
8726	1	45
8727	1	45
8728	1	39
8729	1	41
8730	1	43
8731	1	41
8732	1	39
8733	1	43
8734	1	39
8735	1	41
8736	1	41
8737	1	45
8738	1	39
8739	1	41
8740	1	43
8741	1	41
8742	1	39
8743	1	41
8744	1	41
8745	1	39
8746	1	41
8747	1	43
8748	1	39
8749	1	37
8750	1	41
8751	1	43
8752	1	43
8753	1	43
8754	1	45
8755	1	43
8756	1	41
8757	1	45
8758	1	43
8759	1	41
8760	1	43
8761	1	43
8762	0	44
8763	1	39
8764	1	43
8765	1	45
8766	1	39
8767	1	41
8768	1	45
8769	1	39
8770	1	41
8771	1	43
8772	1	41
8773	1	45
8774	1	41
8775	1	45
8776	1	45
8777	1	39
8778	1	39
8779	1	37
8780	1	41
8781	1	45
8782	1	41
8783	1	43
8784	1	43
8785	1	37
8786	1	45
8787	1	43
8788	1	39
8789	1	41
8790	1	45
8791	1	37
8792	1	43
8793	1	45
8794	1	37
8795	1	37
8796	1	41
8797	1	37
8798	1	43
8799	0	44
8800	1	45
8801	1	45
8802	1	43
8803	1	39
8804	1	39
8805	1	39
8806	1	39
8807	1	39
8808	1	43
8809	1	43
8810	1	43
8811	1	43
8812	1	39
8813	1	41
8814	1	39
8815	1	39
8816	1	43
8817	1	41
8818	1	41
8819	1	45
8820	1	41
8821	1	41
8822	1	41
8823	1	43
8824	1	43
8825	1	41
8826	1	37
8827	1	43
8828	1	43
8829	1	43
8830	1	35
8831	1	35
8832	1	41
8833	1	45
8834	1	37
8835	1	37
8836	1	41
8837	1	41
8838	1	39
8839	1	37
8840	1	41
8841	1	39
8842	1	41
8843	1	37
8844	1	39
8845	1	41
8846	1	35
8847	1	39
8848	1	39
8849	1	43
8850	1	43
8851	1	45
8852	1	41
8853	1	33
8854	1	43
8855	1	37
8856	1	39
8857	1	37
8858	1	41
8859	1	37
8860	1	39
8861	1	43
8862	1	41
8863	1	43
8864	1	35
8865	1	37
8866	1	39
8867	1	37
8868	1	37
8869	1	43
8870	1	43
8871	1	37
8872	1	37
8873	1	37
8874	1	41
8875	1	39
8876	1	41
8877	1	43
8878	1	39
8879	1	43
8880	1	41
8881	1	43
8882	1	43
8883	1	47
8884	1	37
8885	1	35
8886	1	43
8887	1	39
8888	1	43
8889	1	45
8890	1	35
8891	1	43
8892	1	43
8893	1	39
8894	1	41
8895	1	39
8896	1	39
8897	1	41
8898	1	43
8899	1	39
8900	1	45
8901	1	37
8902	1	39
8903	1	41
8904	1	39
8905	1	39
8906	1	45
8907	1	41
8908	1	39
8909	1	41
8910	1	43
8911	1	39
8912	1	41
8913	1	45
8914	1	43
8915	1	43
8916	1	37
8917	1	43
8918	1	45
8919	1	41
8920	1	39
8921	1	39
8922	1	43
8923	1	37
8924	1	43
8925	1	37
8926	1	43
8927	1	39
8928	1	41
8929	1	41
8930	1	39
8931	1	43
8932	1	43
8933	1	45
8934	1	41
8935	1	39
8936	1	45
8937	1	39
8938	1	41
8939	1	39
8940	1	39
8941	1	41
8942	1	41
8943	1	43
8944	1	37
8945	1	37
8946	1	41
8947	1	41
8948	1	41
8949	1	41
8950	1	41
8951	1	39
8952	1	41
8953	1	41
8954	1	37
8955	1	47
8956	1	39
8957	1	43
8958	1	41
8959	1	41
8960	1	41
8961	1	41
8962	1	43
8963	1	41
8964	1	37
8965	1	39
8966	1	41
8967	1	43
8968	1	43
8969	1	39
8970	1	41
8971	1	41
8972	1	41
8973	1	43
8974	1	41
8975	1	39
8976	1	41
8977	1	35
8978	1	37
8979	1	41
8980	1	37
8981	1	39
8982	1	37
8983	1	45
8984	1	39
8985	1	41
8986	1	45
8987	1	45
8988	1	47
8989	1	41
8990	1	39
8991	1	43
8992	1	43
8993	1	41
8994	1	43
8995	1	35
8996	1	43
8997	1	41
8998	1	43
8999	1	41
9000	1	43
9001	1	39
9002	1	41
9003	1	37
9004	1	37
9005	1	39
9006	1	45
9007	1	41
9008	1	47
9009	1	41
9010	1	43
9011	1	39
9012	1	43
9013	1	39
9014	1	39
9015	1	41
9016	1	43
9017	1	39
9018	1	39
9019	1	43
9020	1	39
9021	1	41
9022	1	45
9023	1	43
9024	1	37
9025	1	43
9026	1	45
9027	1	39
9028	1	41
9029	1	39
9030	1	41
9031	1	45
9032	1	43
9033	1	43
9034	1	39
9035	1	39
9036	1	37
9037	1	39
9038	1	43
9039	1	43
9040	1	41
9041	1	41
9042	1	45
9043	1	43
9044	1	43
9045	1	39
9046	1	35
9047	1	43
9048	1	41
9049	1	39
9050	1	39
9051	1	39
9052	1	43
9053	1	41
9054	1	41
9055	1	39
9056	1	39
9057	1	37
9058	1	39
9059	1	43
9060	1	43
9061	1	45
9062	1	39
9063	1	45
9064	1	39
9065	1	39
9066	1	41
9067	1	37
9068	1	39
9069	1	41
9070	1	41
9071	1	43
9072	1	43
9073	1	41
9074	1	39
9075	1	41
9076	1	39
9077	1	45
9078	1	43
9079	1	41
9080	1	41
9081	1	39
9082	1	41
9083	1	39
9084	1	41
9085	1	37
9086	1	45
9087	1	37
9088	1	43
9089	1	43
9090	1	39
9091	1	39
9092	1	43
9093	1	43
9094	1	43
9095	1	39
9096	1	39
9097	1	43
9098	1	39
9099	1	43
9100	1	43
9101	1	43
9102	0	46
9103	1	37
9104	1	43
9105	1	43
9106	1	41
9107	1	43
9108	1	41
9109	1	39
9110	1	43
9111	1	43
9112	1	43
9113	1	39
9114	1	43
9115	1	43
9116	1	39
9117	0	44
9118	1	37
9119	1	37
9120	1	41
9121	1	41
9122	1	37
9123	1	41
9124	1	39
9125	1	41
9126	1	37
9127	1	39
9128	1	39
9129	1	41
9130	1	41
9131	1	43
9132	1	39
9133	1	41
9134	1	43
9135	1	37
9136	1	43
9137	1	41
9138	1	41
9139	1	41
9140	1	39
9141	1	43
9142	1	37
9143	1	39
9144	1	39
9145	1	37
9146	1	41
9147	1	39
9148	1	37
9149	1	41
9150	1	41
9151	1	43
9152	1	39
9153	1	39
9154	1	41
9155	1	41
9156	1	41
9157	1	39
9158	1	41
9159	1	41
9160	1	41
9161	1	43
9162	1	41
9163	1	39
9164	1	41
9165	1	39
9166	1	41
9167	1	37
9168	1	43
9169	1	43
9170	1	37
9171	1	39
9172	1	43
9173	1	43
9174	1	45
9175	1	45
9176	1	41
9177	1	43
9178	1	35
9179	1	43
9180	1	41
9181	1	43
9182	1	43
9183	1	43
9184	1	43
9185	1	39
9186	1	43
9187	1	39
9188	1	41
9189	1	41
9190	1	37
9191	1	37
9192	1	43
9193	1	43
9194	1	41
9195	1	43
9196	1	41
9197	1	41
9198	1	37
9199	1	43
9200	1	43
9201	1	43
9202	1	43
9203	1	41
9204	1	41
9205	1	43
9206	1	41
9207	1	45
9208	1	39
9209	1	41
9210	1	45
9211	1	45
9212	1	41
9213	1	43
9214	1	39
9215	1	39
9216	1	37
9217	1	39
9218	1	41
9219	1	41
9220	1	45
9221	1	37
9222	1	45
9223	1	41
9224	1	45
9225	1	39
9226	1	45
9227	1	39
9228	1	41
9229	1	41
9230	1	39
9231	1	41
9232	1	41
9233	1	41
9234	1	41
9235	1	43
9236	1	37
9237	1	43
9238	1	41
9239	1	47
9240	1	41
9241	1	41
9242	1	39
9243	1	37
9244	1	37
9245	1	41
9246	1	45
9247	1	41
9248	1	43
9249	1	37
9250	1	37
9251	1	41
9252	1	37
9253	1	47
9254	1	41
9255	1	39
9256	1	37
9257	1	43
9258	1	41
9259	1	39
9260	1	41
9261	1	39
9262	1	41
9263	1	45
9264	1	41
9265	1	39
9266	1	41
9267	0	46
9268	1	39
9269	1	37
9270	1	37
9271	1	41
9272	1	41
9273	1	41
9274	1	47
9275	1	37
9276	1	43
9277	1	41
9278	1	41
9279	1	43
9280	1	41
9281	1	45
9282	1	37
9283	1	37
9284	1	43
9285	1	41
9286	1	43
9287	1	41
9288	1	39
9289	1	41
9290	1	39
9291	1	39
9292	1	45
9293	1	41
9294	1	37
9295	1	41
9296	1	45
9297	1	39
9298	1	41
9299	1	41
9300	1	39
9301	1	39
9302	1	39
9303	1	45
9304	1	45
9305	1	39
9306	1	39
9307	1	37
9308	1	39
9309	1	41
9310	1	41
9311	1	41
9312	1	39
9313	1	33
9314	1	43
9315	1	43
9316	1	41
9317	1	43
9318	1	45
9319	1	41
9320	1	41
9321	1	41
9322	1	43
9323	1	43
9324	1	35
9325	1	37
9326	1	39
9327	1	41
9328	1	39
9329	1	45
9330	1	39
9331	1	39
9332	1	39
9333	1	39
9334	1	41
9335	1	43
9336	1	39
9337	1	39
9338	1	41
9339	1	35
9340	1	41
9341	1	45
9342	1	37
9343	1	35
9344	1	37
9345	1	39
9346	1	37
9347	1	41
9348	1	43
9349	1	37
9350	1	43
9351	1	41
9352	1	43
9353	1	45
9354	1	43
9355	1	35
9356	1	41
9357	1	45
9358	1	41
9359	1	39
9360	1	41
9361	1	43
9362	1	35
9363	1	43
9364	1	41
9365	1	45
9366	1	39
9367	1	45
9368	1	47
9369	1	43
9370	1	39
9371	1	41
9372	1	43
9373	1	47
9374	1	43
9375	1	41
9376	1	39
9377	1	41
9378	1	43
9379	1	39
9380	1	43
9381	1	41
9382	1	39
9383	1	39
9384	1	41
9385	1	39
9386	1	43
9387	1	45
9388	1	47
9389	1	37
9390	1	43
9391	1	39
9392	1	45
9393	1	37
9394	1	41
9395	1	45
9396	1	43
9397	1	43
9398	1	45
9399	1	43
9400	1	41
9401	1	41
9402	1	43
9403	1	39
9404	1	41
9405	1	37
9406	1	37
9407	1	37
9408	1	39
9409	1	39
9410	1	43
9411	1	41
9412	1	39
9413	1	43
9414	1	41
9415	1	39
9416	1	39
9417	1	39
9418	1	41
9419	1	41
9420	1	45
9421	1	43
9422	1	35
9423	1	43
9424	1	39
9425	1	41
9426	1	43
9427	1	39
9428	1	41
9429	1	35
9430	1	39
9431	1	41
9432	1	35
9433	1	39
9434	1	39
9435	1	41
9436	1	43
9437	1	37
9438	1	39
9439	1	39
9440	1	43
9441	1	41
9442	1	43
9443	1	41
9444	1	39
9445	1	33
9446	1	39
9447	1	41
9448	1	39
9449	1	37
9450	1	45
9451	1	41
9452	1	41
9453	1	43
9454	1	37
9455	1	37
9456	1	41
9457	1	39
9458	1	39
9459	1	41
9460	1	41
9461	1	45
9462	1	45
9463	1	41
9464	1	39
9465	1	47
9466	1	39
9467	1	37
9468	1	41
9469	1	37
9470	1	41
9471	1	41
9472	1	37
9473	1	43
9474	1	41
9475	1	41
9476	1	39
9477	1	39
9478	1	39
9479	1	35
9480	1	37
9481	1	41
9482	1	43
9483	1	41
9484	1	41
9485	1	37
9486	1	39
9487	1	41
9488	1	39
9489	1	37
9490	1	41
9491	1	41
9492	1	39
9493	1	37
9494	1	43
9495	1	45
9496	1	41
9497	1	39
9498	1	41
9499	1	37
9500	1	39
9501	1	41
9502	1	41
9503	1	45
9504	1	41
9505	1	39
9506	1	41
9507	1	47
9508	1	37
9509	1	41
9510	1	39
9511	1	43
9512	1	41
9513	1	41
9514	1	45
9515	1	39
9516	1	45
9517	1	37
9518	1	35
9519	1	39
9520	1	41
9521	1	37
9522	1	41
9523	1	37
9524	1	39
9525	1	41
9526	1	47
9527	1	41
9528	1	35
9529	1	39
9530	1	37
9531	1	43
9532	1	43
9533	1	37
9534	1	39
9535	1	35
9536	1	41
9537	1	41
9538	1	45
9539	1	41
9540	1	39
9541	1	43
9542	1	41
9543	1	39
9544	1	41
9545	1	43
9546	1	37
9547	1	35
9548	1	41
9549	1	37
9550	1	43
9551	1	39
9552	1	39
9553	1	33
9554	1	41
9555	1	41
9556	1	37
9557	1	37
9558	1	43
9559	1	43
9560	1	45
9561	1	43
9562	1	43
9563	1	41
9564	1	41
9565	1	41
9566	1	39
9567	1	43
9568	1	41
9569	1	45
9570	1	45
9571	1	37
9572	1	41
9573	1	43
9574	1	41
9575	1	37
9576	1	43
9577	1	45
9578	1	37
9579	1	41
9580	1	39
9581	1	47
9582	1	41
9583	0	42
9584	1	39
9585	1	45
9586	1	43
9587	1	43
9588	1	43
9589	1	43
9590	1	37
9591	1	39
9592	1	43
9593	1	41
9594	1	39
9595	1	39
9596	1	41
9597	1	43
9598	1	47
9599	1	43
9600	1	41
9601	1	39
9602	1	39
9603	1	43
9604	1	37
9605	1	43
9606	1	41
9607	1	45
9608	1	39
9609	1	41
9610	1	41
9611	1	43
9612	1	45
9613	1	37
9614	1	37
9615	1	41
9616	1	43
9617	1	37
9618	1	41
9619	1	43
9620	1	43
9621	1	45
9622	0	46
9623	1	41
9624	1	41
9625	1	43
9626	1	37
9627	1	45
9628	1	39
9629	1	41
9630	1	45
9631	1	41
9632	1	45
9633	1	43
9634	1	39
9635	1	39
9636	1	41
9637	1	37
9638	1	43
9639	1	41
9640	1	43
9641	1	41
9642	1	43
9643	1	45
9644	1	45
9645	1	41
9646	1	41
9647	1	41
9648	1	41
9649	1	39
9650	1	39
9651	1	43
9652	1	39
9653	1	41
9654	1	39
9655	1	45
9656	1	39
9657	1	41
9658	1	41
9659	1	39
9660	1	41
9661	1	39
9662	1	37
9663	1	37
9664	1	39
9665	1	41
9666	1	41
9667	1	39
9668	1	41
9669	1	43
9670	1	45
9671	1	41
9672	1	45
9673	1	37
9674	1	41
9675	1	35
9676	1	37
9677	1	45
9678	1	41
9679	1	39
9680	1	41
9681	1	39
9682	1	41
9683	1	43
9684	1	43
9685	1	41
9686	1	41
9687	1	43
9688	1	41
9689	1	37
9690	1	41
9691	1	43
9692	1	43
9693	1	39
9694	1	41
9695	1	39
9696	1	39
9697	1	41
9698	1	37
9699	1	43
9700	1	43
9701	1	39
9702	1	43
9703	1	45
9704	1	39
9705	1	41
9706	1	41
9707	1	43
9708	1	41
9709	1	43
9710	1	41
9711	1	41
9712	1	41
9713	1	37
9714	1	45
9715	1	45
9716	1	43
9717	1	45
9718	1	43
9719	1	43
9720	1	43
9721	1	35
9722	1	41
9723	1	39
9724	1	43
9725	1	39
9726	1	41
9727	1	41
9728	1	39
9729	1	47
9730	1	39
9731	1	43
9732	1	43
9733	1	45
9734	1	45
9735	1	41
9736	1	43
9737	1	43
9738	1	43
9739	1	37
9740	1	39
9741	1	37
9742	1	43
9743	1	45
9744	1	37
9745	1	39
9746	1	43
9747	1	43
9748	1	45
9749	1	41
9750	1	39
9751	1	37
9752	1	43
9753	1	41
9754	1	37
9755	1	41
9756	1	39
9757	1	39
9758	1	39
9759	1	39
9760	1	37
9761	1	41
9762	1	39
9763	1	47
9764	1	47
9765	1	41
9766	1	35
9767	1	41
9768	1	41
9769	1	39
9770	1	39
9771	1	37
9772	1	45
9773	1	43
9774	1	45
9775	1	43
9776	1	41
9777	1	37
9778	1	41
9779	1	41
9780	1	39
9781	1	41
9782	1	45
9783	1	37
9784	1	43
9785	1	45
9786	1	41
9787	1	43
9788	1	45
9789	1	41
9790	1	41
9791	1	43
9792	1	41
9793	1	41
9794	1	39
9795	1	41
9796	1	41
9797	1	43
9798	1	43
9799	1	47
9800	1	39
9801	1	47
9802	1	39
9803	1	43
9804	1	41
9805	1	41
9806	0	46
9807	1	43
9808	0	38
9809	1	41
9810	1	43
9811	1	41
9812	1	43
9813	1	43
9814	1	41
9815	1	41
9816	1	37
9817	1	37
9818	1	41
9819	1	39
9820	1	41
9821	1	39
9822	1	43
9823	1	45
9824	1	41
9825	1	41
9826	1	39
9827	1	41
9828	1	41
9829	1	43
9830	1	45
9831	1	39
9832	1	39
9833	1	43
9834	1	39
9835	1	39
9836	1	41
9837	1	45
9838	1	37
9839	1	47
9840	1	39
9841	1	35
9842	1	41
9843	1	41
9844	1	43
9845	1	43
9846	1	41
9847	1	43
9848	1	43
9849	1	39
9850	1	37
9851	1	39
9852	1	41
9853	1	35
9854	1	37
9855	1	41
9856	1	39
9857	1	37
9858	1	43
9859	1	43
9860	1	41
9861	1	43
9862	1	39
9863	1	37
9864	1	39
9865	1	35
9866	1	35
9867	1	39
9868	1	41
9869	1	39
9870	1	39
9871	1	41
9872	1	39
9873	1	43
9874	1	47
9875	1	39
9876	1	39
9877	1	37
9878	1	39
9879	1	41
9880	1	43
9881	1	47
9882	1	39
9883	1	41
9884	1	39
9885	1	39
9886	1	41
9887	1	41
9888	1	37
9889	1	43
9890	1	41
9891	1	41
9892	1	41
9893	1	35
9894	1	43
9895	1	43
9896	1	39
9897	1	43
9898	1	43
9899	1	41
9900	1	45
9901	1	43
9902	1	41
9903	1	43
9904	1	41
9905	1	41
9906	1	41
9907	1	39
9908	1	45
9909	1	39
9910	1	41
9911	1	43
9912	1	39
9913	1	41
9914	1	43
9915	1	43
9916	1	37
9917	1	39
9918	1	39
9919	1	33
9920	1	37
9921	1	43
9922	1	43
9923	1	41
9924	1	45
9925	1	41
9926	1	43
9927	1	41
9928	1	45
9929	1	43
9930	1	41
9931	1	39
9932	1	43
9933	1	39
9934	1	39
9935	1	43
9936	1	41
9937	1	43
9938	1	43
9939	1	47
9940	1	43
9941	1	43
9942	1	37
9943	1	41
9944	1	39
9945	1	41
9946	1	39
9947	1	45
9948	1	39
9949	1	39
9950	1	41
9951	1	37
9952	1	41
9953	1	45
9954	1	43
9955	1	37
9956	1	41
9957	1	43
9958	1	47
9959	1	41
9960	1	41
9961	1	43
9962	1	41
9963	1	41
9964	1	37
9965	1	39
9966	1	41
9967	1	37
9968	1	41
9969	1	41
9970	1	41
9971	1	35
9972	1	39
9973	1	45
9974	1	41
9975	1	39
9976	1	37
9977	1	45
9978	1	39
9979	1	41
9980	1	41
9981	1	41
9982	1	39
9983	1	39
9984	1	37
9985	1	39
9986	1	45
9987	1	41
9988	1	41
9989	1	45
9990	1	39
9991	1	43
9992	1	47
9993	1	41
9994	1	43
9995	1	39
9996	1	43
9997	1	41
9998	1	41
9999	1	45